--
-- TABLE STRUCTURE FOR: Donation_Site
--


INSERT INTO Donation_Site (Donation_Site_ID, Address) VALUES ('09573', '78508 Goldner Extensions North Daishaview, MN 18620');
INSERT INTO Donation_Site (Donation_Site_ID, Address) VALUES ('11821', '4095 Fritsch Place Apt. 121 Hodkiewiczbury, IL 51446-9323');
INSERT INTO Donation_Site (Donation_Site_ID, Address) VALUES ('15121', '257 Mckayla Mill Suite 632 Dedrickland, KY 95305-0555');
INSERT INTO Donation_Site (Donation_Site_ID, Address) VALUES ('16189', '7824 Harris Lights Suite 720 Lake Eduardo, NJ 09903');
INSERT INTO Donation_Site (Donation_Site_ID, Address) VALUES ('17966', '15095 Maxime Wall Apt. 839 South Ottisville, IA 39543');
INSERT INTO Donation_Site (Donation_Site_ID, Address) VALUES ('23206', '8474 Hansen Extension Elmiraborough, SC 30340');
INSERT INTO Donation_Site (Donation_Site_ID, Address) VALUES ('24258', '54300 Swift River Apt. 009 South Stone, AZ 21622-7056');
INSERT INTO Donation_Site (Donation_Site_ID, Address) VALUES ('26311', '169 Crooks Loaf Apt. 269 Elliotshire, AL 07612-1958');
INSERT INTO Donation_Site (Donation_Site_ID, Address) VALUES ('27492', '118 Virginie Island West Avaview, NE 07590-9874');
INSERT INTO Donation_Site (Donation_Site_ID, Address) VALUES ('34016', '88519 Keebler Plains Suite 894 South Kailyn, ID 39048');
INSERT INTO Donation_Site (Donation_Site_ID, Address) VALUES ('35497', '31839 Blanda Forks New Elmira, NY 86269');
INSERT INTO Donation_Site (Donation_Site_ID, Address) VALUES ('45112', '49083 Fred Shores Apt. 193 Ravenview, KS 54765');
INSERT INTO Donation_Site (Donation_Site_ID, Address) VALUES ('47654', '94168 Clyde Heights Suite 857 Howellport, MA 72774-3985');
INSERT INTO Donation_Site (Donation_Site_ID, Address) VALUES ('51825', '5763 Herman Fall Apt. 323 Lake Bennett, CT 58256');
INSERT INTO Donation_Site (Donation_Site_ID, Address) VALUES ('53894', '532 Buck Mount Apt. 212 West Taraview, WY 87301');
INSERT INTO Donation_Site (Donation_Site_ID, Address) VALUES ('61595', '5743 Tyrese Fort Kochbury, OR 64162-4846');
INSERT INTO Donation_Site (Donation_Site_ID, Address) VALUES ('61721', '83114 Kulas Turnpike Hellerport, OR 86845');
INSERT INTO Donation_Site (Donation_Site_ID, Address) VALUES ('70953', '44732 Windler Throughway Apt. 269 Adamsstad, CO 06047-4682');
INSERT INTO Donation_Site (Donation_Site_ID, Address) VALUES ('72958', '70457 Christian Islands Dibbertville, MO 86848');
INSERT INTO Donation_Site (Donation_Site_ID, Address) VALUES ('74284', '11610 Sporer Court Suite 927 Runolfsdottirchester, NV 56599');
INSERT INTO Donation_Site (Donation_Site_ID, Address) VALUES ('76402', '584 Verona Junctions Port Nona, HI 59644');
INSERT INTO Donation_Site (Donation_Site_ID, Address) VALUES ('76586', '5674 Jerde Dale West Michaelaview, AL 32844-4699');
INSERT INTO Donation_Site (Donation_Site_ID, Address) VALUES ('77689', '91137 Cornell Knolls Kihnshire, AR 83136');
INSERT INTO Donation_Site (Donation_Site_ID, Address) VALUES ('77692', '8504 Gusikowski Village Apt. 034 Huldafort, CO 69878');
INSERT INTO Donation_Site (Donation_Site_ID, Address) VALUES ('98558', '7930 Wyman Plains Bereniceville, SC 51060');


--
-- TABLE STRUCTURE FOR: Hospital
--

INSERT INTO Hospital (Hospital_ID, Hospital_Address) VALUES ('03339', '1376 Tromp Pass East Pabloview, MN 98174');
INSERT INTO Hospital (Hospital_ID, Hospital_Address) VALUES ('05463', '1538 Kiehn Divide Apt. 362 OConnerville, LA 08098-5236');
INSERT INTO Hospital (Hospital_ID, Hospital_Address) VALUES ('23977', '3045 Adolphus Camp Lake Adrianmouth, TX 21346');
INSERT INTO Hospital (Hospital_ID, Hospital_Address) VALUES ('55576', '7802 Borer Hill Ikemouth, AK 87288');
INSERT INTO Hospital (Hospital_ID, Hospital_Address) VALUES ('57641', '85003 Joelle Track Hammesview, MD 54171-0613');
INSERT INTO Hospital (Hospital_ID, Hospital_Address) VALUES ('60357', '2157 Borer Center Bartonport, VA 05943-5737');
INSERT INTO Hospital (Hospital_ID, Hospital_Address) VALUES ('61586', '93189 Matt Meadow Apt. 871 Kingview, AL 40194');
INSERT INTO Hospital (Hospital_ID, Hospital_Address) VALUES ('66133', '3096 Hodkiewicz Harbor Suite 503 South Ferminland, CO 20859-4473');
INSERT INTO Hospital (Hospital_ID, Hospital_Address) VALUES ('79184', '0013 Jalon Manor Lake Nikoview, VA 65218');
INSERT INTO Hospital (Hospital_ID, Hospital_Address) VALUES ('90670', '0199 Gutmann Corners Apt. 788 Dedrickport, CA 97967-1544');



--
-- TABLE STRUCTURE FOR: BloodBankEmployee
--

INSERT INTO BloodBankEmployee (Employee_SSN, Work_Address, First_Name, Last_Name) VALUES ('009005900', '35497', 'Carlo', 'Yundt');
INSERT INTO BloodBankEmployee (Employee_SSN, Work_Address, First_Name, Last_Name) VALUES ('018129340', '24258', 'Guido', 'Schmeler');
INSERT INTO BloodBankEmployee (Employee_SSN, Work_Address, First_Name, Last_Name) VALUES ('026086514', '72958', 'Jada', 'Stroman');
INSERT INTO BloodBankEmployee (Employee_SSN, Work_Address, First_Name, Last_Name) VALUES ('029337984', '76402', 'Donna', 'Tillman');
INSERT INTO BloodBankEmployee (Employee_SSN, Work_Address, First_Name, Last_Name) VALUES ('044889644', '61595', 'Mohammad', 'Rohan');
INSERT INTO BloodBankEmployee (Employee_SSN, Work_Address, First_Name, Last_Name) VALUES ('050639096', '76402', 'Virginie', 'Farrell');
INSERT INTO BloodBankEmployee (Employee_SSN, Work_Address, First_Name, Last_Name) VALUES ('051928147', '61595', 'Amya', 'Purdy');
INSERT INTO BloodBankEmployee (Employee_SSN, Work_Address, First_Name, Last_Name) VALUES ('064675033', '53894', 'Marcella', 'Jerde');
INSERT INTO BloodBankEmployee (Employee_SSN, Work_Address, First_Name, Last_Name) VALUES ('066847403', '47654', 'Tony', 'Klocko');
INSERT INTO BloodBankEmployee (Employee_SSN, Work_Address, First_Name, Last_Name) VALUES ('080327205', '27492', 'Emmie', 'Schultz');
INSERT INTO BloodBankEmployee (Employee_SSN, Work_Address, First_Name, Last_Name) VALUES ('087799600', '70953', 'Lucas', 'Lynch');
INSERT INTO BloodBankEmployee (Employee_SSN, Work_Address, First_Name, Last_Name) VALUES ('093717002', '23206', 'Andres', 'Rath');
INSERT INTO BloodBankEmployee (Employee_SSN, Work_Address, First_Name, Last_Name) VALUES ('094809694', '51825', 'Ryann', 'Boyer');
INSERT INTO BloodBankEmployee (Employee_SSN, Work_Address, First_Name, Last_Name) VALUES ('096870656', '23206', 'Maye', 'Rath');
INSERT INTO BloodBankEmployee (Employee_SSN, Work_Address, First_Name, Last_Name) VALUES ('107470329', '76586', 'Hailey', 'Abernathy');
INSERT INTO BloodBankEmployee (Employee_SSN, Work_Address, First_Name, Last_Name) VALUES ('112408749', '45112', 'Delia', 'Kuhn');
INSERT INTO BloodBankEmployee (Employee_SSN, Work_Address, First_Name, Last_Name) VALUES ('119689544', '77689', 'Rollin', 'Johnson');
INSERT INTO BloodBankEmployee (Employee_SSN, Work_Address, First_Name, Last_Name) VALUES ('130777302', '74284', 'Calista', 'Stokes');
INSERT INTO BloodBankEmployee (Employee_SSN, Work_Address, First_Name, Last_Name) VALUES ('138042770', '11821', 'Gabriella', 'Homenick');
INSERT INTO BloodBankEmployee (Employee_SSN, Work_Address, First_Name, Last_Name) VALUES ('139445594', '72958', 'Jakayla', 'Mayer');
INSERT INTO BloodBankEmployee (Employee_SSN, Work_Address, First_Name, Last_Name) VALUES ('144352319', '70953', 'Rick', 'Rolfson');
INSERT INTO BloodBankEmployee (Employee_SSN, Work_Address, First_Name, Last_Name) VALUES ('161417696', '34016', 'Annalise', 'Harvey');
INSERT INTO BloodBankEmployee (Employee_SSN, Work_Address, First_Name, Last_Name) VALUES ('164765881', '16189', 'Lionel', 'Braun');
INSERT INTO BloodBankEmployee (Employee_SSN, Work_Address, First_Name, Last_Name) VALUES ('178586234', '61595', 'Hilario', 'Stamm');
INSERT INTO BloodBankEmployee (Employee_SSN, Work_Address, First_Name, Last_Name) VALUES ('195179520', '26311', 'Daisy', 'Rippin');
INSERT INTO BloodBankEmployee (Employee_SSN, Work_Address, First_Name, Last_Name) VALUES ('199986182', '98558', 'Rodolfo', 'Grant');
INSERT INTO BloodBankEmployee (Employee_SSN, Work_Address, First_Name, Last_Name) VALUES ('214901834', '61721', 'Mia', 'Wiza');
INSERT INTO BloodBankEmployee (Employee_SSN, Work_Address, First_Name, Last_Name) VALUES ('228336046', '70953', 'Meghan', 'Braun');
INSERT INTO BloodBankEmployee (Employee_SSN, Work_Address, First_Name, Last_Name) VALUES ('235378488', '24258', 'Destinee', 'Bernhard');
INSERT INTO BloodBankEmployee (Employee_SSN, Work_Address, First_Name, Last_Name) VALUES ('243526961', '16189', 'Kristy', 'Kuhn');
INSERT INTO BloodBankEmployee (Employee_SSN, Work_Address, First_Name, Last_Name) VALUES ('247603594', '76586', 'Tyra', 'Gleason');
INSERT INTO BloodBankEmployee (Employee_SSN, Work_Address, First_Name, Last_Name) VALUES ('254206398', '77692', 'Colt', 'Pagac');
INSERT INTO BloodBankEmployee (Employee_SSN, Work_Address, First_Name, Last_Name) VALUES ('268903605', '27492', 'Dina', 'Ferry');
INSERT INTO BloodBankEmployee (Employee_SSN, Work_Address, First_Name, Last_Name) VALUES ('290087274', '61721', 'Anna', 'Johnston');
INSERT INTO BloodBankEmployee (Employee_SSN, Work_Address, First_Name, Last_Name) VALUES ('303364696', '11821', 'Alessandra', 'Bailey');
INSERT INTO BloodBankEmployee (Employee_SSN, Work_Address, First_Name, Last_Name) VALUES ('304527692', '77689', 'Jailyn', 'Heaney');
INSERT INTO BloodBankEmployee (Employee_SSN, Work_Address, First_Name, Last_Name) VALUES ('316913838', '26311', 'Mohamed', 'Ortiz');
INSERT INTO BloodBankEmployee (Employee_SSN, Work_Address, First_Name, Last_Name) VALUES ('333075555', '35497', 'Sasha', 'Rohan');
INSERT INTO BloodBankEmployee (Employee_SSN, Work_Address, First_Name, Last_Name) VALUES ('333113872', '51825', 'Cordia', 'Aufderhar');
INSERT INTO BloodBankEmployee (Employee_SSN, Work_Address, First_Name, Last_Name) VALUES ('340994890', '72958', 'Loma', 'Renner');
INSERT INTO BloodBankEmployee (Employee_SSN, Work_Address, First_Name, Last_Name) VALUES ('353375731', '61721', 'Reba', 'Davis');
INSERT INTO BloodBankEmployee (Employee_SSN, Work_Address, First_Name, Last_Name) VALUES ('357809198', '51825', 'Kenneth', 'Bergnaum');
INSERT INTO BloodBankEmployee (Employee_SSN, Work_Address, First_Name, Last_Name) VALUES ('371729959', '98558', 'Dylan', 'Hermiston');
INSERT INTO BloodBankEmployee (Employee_SSN, Work_Address, First_Name, Last_Name) VALUES ('372394099', '26311', 'Jameson', 'Quigley');
INSERT INTO BloodBankEmployee (Employee_SSN, Work_Address, First_Name, Last_Name) VALUES ('374292102', '77692', 'Ayden', 'Metz');
INSERT INTO BloodBankEmployee (Employee_SSN, Work_Address, First_Name, Last_Name) VALUES ('379632656', '61595', 'Liam', 'Cassin');
INSERT INTO BloodBankEmployee (Employee_SSN, Work_Address, First_Name, Last_Name) VALUES ('386385130', '47654', 'Jayde', 'Nolan');
INSERT INTO BloodBankEmployee (Employee_SSN, Work_Address, First_Name, Last_Name) VALUES ('393950230', '11821', 'Bart', 'Frami');
INSERT INTO BloodBankEmployee (Employee_SSN, Work_Address, First_Name, Last_Name) VALUES ('396592890', '15121', 'Karlie', 'Skiles');
INSERT INTO BloodBankEmployee (Employee_SSN, Work_Address, First_Name, Last_Name) VALUES ('396957332', '98558', 'Eve', 'Pacocha');
INSERT INTO BloodBankEmployee (Employee_SSN, Work_Address, First_Name, Last_Name) VALUES ('397220261', '72958', 'Ethan', 'Hauck');
INSERT INTO BloodBankEmployee (Employee_SSN, Work_Address, First_Name, Last_Name) VALUES ('406100842', '74284', 'Breanna', 'Mohr');
INSERT INTO BloodBankEmployee (Employee_SSN, Work_Address, First_Name, Last_Name) VALUES ('422261782', '74284', 'Junius', 'Kerluke');
INSERT INTO BloodBankEmployee (Employee_SSN, Work_Address, First_Name, Last_Name) VALUES ('441202934', '47654', 'Kasandra', 'Schulist');
INSERT INTO BloodBankEmployee (Employee_SSN, Work_Address, First_Name, Last_Name) VALUES ('445802537', '47654', 'Alivia', 'Hartmann');
INSERT INTO BloodBankEmployee (Employee_SSN, Work_Address, First_Name, Last_Name) VALUES ('458197176', '15121', 'Jan', 'Dibbert');
INSERT INTO BloodBankEmployee (Employee_SSN, Work_Address, First_Name, Last_Name) VALUES ('461263524', '76586', 'Laura', 'Ondricka');
INSERT INTO BloodBankEmployee (Employee_SSN, Work_Address, First_Name, Last_Name) VALUES ('480234688', '53894', 'Gennaro', 'Mohr');
INSERT INTO BloodBankEmployee (Employee_SSN, Work_Address, First_Name, Last_Name) VALUES ('482996247', '24258', 'Shane', 'McKenzie');
INSERT INTO BloodBankEmployee (Employee_SSN, Work_Address, First_Name, Last_Name) VALUES ('490886507', '70953', 'Cierra', 'Littel');
INSERT INTO BloodBankEmployee (Employee_SSN, Work_Address, First_Name, Last_Name) VALUES ('500050209', '15121', 'Jedediah', 'Padberg');
INSERT INTO BloodBankEmployee (Employee_SSN, Work_Address, First_Name, Last_Name) VALUES ('514530831', '76586', 'Frederic', 'Rutherford');
INSERT INTO BloodBankEmployee (Employee_SSN, Work_Address, First_Name, Last_Name) VALUES ('523637157', '23206', 'Lila', 'Stoltenberg');
INSERT INTO BloodBankEmployee (Employee_SSN, Work_Address, First_Name, Last_Name) VALUES ('529985899', '45112', 'Wilma', 'Ondricka');
INSERT INTO BloodBankEmployee (Employee_SSN, Work_Address, First_Name, Last_Name) VALUES ('537974952', '53894', 'Kameron', 'Kovacek');
INSERT INTO BloodBankEmployee (Employee_SSN, Work_Address, First_Name, Last_Name) VALUES ('544139202', '35497', 'Haskell', 'Heller');
INSERT INTO BloodBankEmployee (Employee_SSN, Work_Address, First_Name, Last_Name) VALUES ('563054885', '09573', 'Bennie', 'Shields');
INSERT INTO BloodBankEmployee (Employee_SSN, Work_Address, First_Name, Last_Name) VALUES ('598569899', '16189', 'Tillman', 'Johns');
INSERT INTO BloodBankEmployee (Employee_SSN, Work_Address, First_Name, Last_Name) VALUES ('602263932', '27492', 'Aliyah', 'Lindgren');
INSERT INTO BloodBankEmployee (Employee_SSN, Work_Address, First_Name, Last_Name) VALUES ('609115108', '34016', 'Harold', 'Towne');
INSERT INTO BloodBankEmployee (Employee_SSN, Work_Address, First_Name, Last_Name) VALUES ('631758145', '09573', 'Ericka', 'D''Amore');
INSERT INTO BloodBankEmployee (Employee_SSN, Work_Address, First_Name, Last_Name) VALUES ('647281708', '26311', 'Jesse', 'Dooley');
INSERT INTO BloodBankEmployee (Employee_SSN, Work_Address, First_Name, Last_Name) VALUES ('649438081', '74284', 'Weldon', 'Zemlak');
INSERT INTO BloodBankEmployee (Employee_SSN, Work_Address, First_Name, Last_Name) VALUES ('658331023', '77692', 'Brittany', 'Deckow');
INSERT INTO BloodBankEmployee (Employee_SSN, Work_Address, First_Name, Last_Name) VALUES ('686686961', '15121', 'Fanny', 'Ritchie');
INSERT INTO BloodBankEmployee (Employee_SSN, Work_Address, First_Name, Last_Name) VALUES ('707968245', '53894', 'Morgan', 'Koelpin');
INSERT INTO BloodBankEmployee (Employee_SSN, Work_Address, First_Name, Last_Name) VALUES ('709029655', '35497', 'Rosalia', 'Rogahn');
INSERT INTO BloodBankEmployee (Employee_SSN, Work_Address, First_Name, Last_Name) VALUES ('709967757', '98558', 'Meta', 'Ziemann');
INSERT INTO BloodBankEmployee (Employee_SSN, Work_Address, First_Name, Last_Name) VALUES ('715177090', '34016', 'Omari', 'Bauch');
INSERT INTO BloodBankEmployee (Employee_SSN, Work_Address, First_Name, Last_Name) VALUES ('728038531', '09573', 'Westley', 'Rolfson');
INSERT INTO BloodBankEmployee (Employee_SSN, Work_Address, First_Name, Last_Name) VALUES ('775994473', '09573', 'Letitia', 'Leffler');
INSERT INTO BloodBankEmployee (Employee_SSN, Work_Address, First_Name, Last_Name) VALUES ('785014891', '34016', 'Barrett', 'Ward');
INSERT INTO BloodBankEmployee (Employee_SSN, Work_Address, First_Name, Last_Name) VALUES ('796608228', '45112', 'Durward', 'Hilll');
INSERT INTO BloodBankEmployee (Employee_SSN, Work_Address, First_Name, Last_Name) VALUES ('812744192', '77692', 'Suzanne', 'Mann');
INSERT INTO BloodBankEmployee (Employee_SSN, Work_Address, First_Name, Last_Name) VALUES ('834954779', '11821', 'Major', 'Rogahn');
INSERT INTO BloodBankEmployee (Employee_SSN, Work_Address, First_Name, Last_Name) VALUES ('841051831', '76402', 'Tania', 'Johnson');
INSERT INTO BloodBankEmployee (Employee_SSN, Work_Address, First_Name, Last_Name) VALUES ('845612237', '17966', 'Dahlia', 'Gleichner');
INSERT INTO BloodBankEmployee (Employee_SSN, Work_Address, First_Name, Last_Name) VALUES ('845968961', '16189', 'Willie', 'Jones');
INSERT INTO BloodBankEmployee (Employee_SSN, Work_Address, First_Name, Last_Name) VALUES ('847817317', '23206', 'Beverly', 'Bernier');
INSERT INTO BloodBankEmployee (Employee_SSN, Work_Address, First_Name, Last_Name) VALUES ('850417303', '45112', 'Chaya', 'Swift');
INSERT INTO BloodBankEmployee (Employee_SSN, Work_Address, First_Name, Last_Name) VALUES ('854017104', '61721', 'Cora', 'O''Kon');
INSERT INTO BloodBankEmployee (Employee_SSN, Work_Address, First_Name, Last_Name) VALUES ('863925422', '17966', 'Margaret', 'DuBuque');
INSERT INTO BloodBankEmployee (Employee_SSN, Work_Address, First_Name, Last_Name) VALUES ('874532772', '77689', 'Gabriel', 'Kozey');
INSERT INTO BloodBankEmployee (Employee_SSN, Work_Address, First_Name, Last_Name) VALUES ('888748829', '24258', 'Jamal', 'Wisozk');
INSERT INTO BloodBankEmployee (Employee_SSN, Work_Address, First_Name, Last_Name) VALUES ('893413741', '76402', 'Noemy', 'Hills');
INSERT INTO BloodBankEmployee (Employee_SSN, Work_Address, First_Name, Last_Name) VALUES ('897678809', '17966', 'Candace', 'Morar');
INSERT INTO BloodBankEmployee (Employee_SSN, Work_Address, First_Name, Last_Name) VALUES ('927317013', '27492', 'Amari', 'Block');
INSERT INTO BloodBankEmployee (Employee_SSN, Work_Address, First_Name, Last_Name) VALUES ('953907976', '51825', 'Rowland', 'Wunsch');
INSERT INTO BloodBankEmployee (Employee_SSN, Work_Address, First_Name, Last_Name) VALUES ('963122052', '17966', 'Cleora', 'Strosin');
INSERT INTO BloodBankEmployee (Employee_SSN, Work_Address, First_Name, Last_Name) VALUES ('982750338', '77689', 'Rolando', 'Morissette');


--
-- TABLE STRUCTURE FOR: Donors
--




INSERT INTO Donors (SSN, FName, LName, Eligible, Age, Weight, Iron_Level, Last_Donation) VALUES ('022982012', 'Meaghan', 'Schmitt', 'No', '34', '191', '126', '2000-07-13');
INSERT INTO Donors (SSN, FName, LName, Eligible, Age, Weight, Iron_Level, Last_Donation) VALUES ('043770560', 'Hudson', 'Dicki', 'Yes', '65', '133', '113', '1981-06-24');
INSERT INTO Donors (SSN, FName, LName, Eligible, Age, Weight, Iron_Level, Last_Donation) VALUES ('044667035', 'Dock', 'Feeney', 'Yes', '100', '178', '78', '2006-01-10');
INSERT INTO Donors (SSN, FName, LName, Eligible, Age, Weight, Iron_Level, Last_Donation) VALUES ('047397668', 'Frances', 'Hudson', 'No', '91', '198', '185', '2008-12-21');
INSERT INTO Donors (SSN, FName, LName, Eligible, Age, Weight, Iron_Level, Last_Donation) VALUES ('080818060', 'Addie', 'Abshire', 'Yes', '56', '146', '179', '1972-01-28');
INSERT INTO Donors (SSN, FName, LName, Eligible, Age, Weight, Iron_Level, Last_Donation) VALUES ('092046126', 'Freda', 'Raynor', 'No', '21', '188', '329', '2008-09-23');
INSERT INTO Donors (SSN, FName, LName, Eligible, Age, Weight, Iron_Level, Last_Donation) VALUES ('096654613', 'Rosendo', 'Macejkovic', 'Yes', '96', '134', '306', '2010-10-23');
INSERT INTO Donors (SSN, FName, LName, Eligible, Age, Weight, Iron_Level, Last_Donation) VALUES ('111576656', 'Eudora', 'Beer', 'Yes', '54', '186', '341', '1984-05-16');
INSERT INTO Donors (SSN, FName, LName, Eligible, Age, Weight, Iron_Level, Last_Donation) VALUES ('124759249', 'Ezekiel', 'Maggio', 'No', '38', '115', '289', '2012-11-11');
INSERT INTO Donors (SSN, FName, LName, Eligible, Age, Weight, Iron_Level, Last_Donation) VALUES ('127584708', 'Marc', 'McKenzie', 'No', '96', '167', '74', '1992-10-20');
INSERT INTO Donors (SSN, FName, LName, Eligible, Age, Weight, Iron_Level, Last_Donation) VALUES ('128852007', 'Melyna', 'Schoen', 'Yes', '100', '149', '331', '1976-03-02');
INSERT INTO Donors (SSN, FName, LName, Eligible, Age, Weight, Iron_Level, Last_Donation) VALUES ('129448760', 'Vivienne', 'Becker', 'No', '77', '154', '83', '1979-10-11');
INSERT INTO Donors (SSN, FName, LName, Eligible, Age, Weight, Iron_Level, Last_Donation) VALUES ('137557218', 'Micheal', 'Marquardt', 'No', '76', '103', '275', '1986-03-24');
INSERT INTO Donors (SSN, FName, LName, Eligible, Age, Weight, Iron_Level, Last_Donation) VALUES ('152968497', 'Virgie', 'Kihn', 'No', '58', '182', '283', '2017-07-04');
INSERT INTO Donors (SSN, FName, LName, Eligible, Age, Weight, Iron_Level, Last_Donation) VALUES ('153147908', 'Kirsten', 'Pollich', 'No', '100', '130', '338', '1988-05-21');
INSERT INTO Donors (SSN, FName, LName, Eligible, Age, Weight, Iron_Level, Last_Donation) VALUES ('154631858', 'Marlee', 'Nienow', 'Yes', '54', '156', '158', '1980-09-24');
INSERT INTO Donors (SSN, FName, LName, Eligible, Age, Weight, Iron_Level, Last_Donation) VALUES ('159839422', 'Donnie', 'Jacobson', 'No', '56', '182', '297', '1977-10-10');
INSERT INTO Donors (SSN, FName, LName, Eligible, Age, Weight, Iron_Level, Last_Donation) VALUES ('172251756', 'Jayme', 'Maggio', 'No', '40', '117', '319', '2009-01-20');
INSERT INTO Donors (SSN, FName, LName, Eligible, Age, Weight, Iron_Level, Last_Donation) VALUES ('188933463', 'Merritt', 'Stark', 'No', '58', '108', '340', '1994-07-10');
INSERT INTO Donors (SSN, FName, LName, Eligible, Age, Weight, Iron_Level, Last_Donation) VALUES ('193192938', 'Julio', 'Huels', 'No', '90', '121', '203', '1984-10-14');
INSERT INTO Donors (SSN, FName, LName, Eligible, Age, Weight, Iron_Level, Last_Donation) VALUES ('212862684', 'Lottie', 'Osinski', 'No', '22', '165', '251', '1990-04-09');
INSERT INTO Donors (SSN, FName, LName, Eligible, Age, Weight, Iron_Level, Last_Donation) VALUES ('250007428', 'Elisabeth', 'Keeling', 'Yes', '66', '114', '77', '1973-06-12');
INSERT INTO Donors (SSN, FName, LName, Eligible, Age, Weight, Iron_Level, Last_Donation) VALUES ('277228674', 'Madelyn', 'Langworth', 'No', '93', '187', '163', '2019-02-12');
INSERT INTO Donors (SSN, FName, LName, Eligible, Age, Weight, Iron_Level, Last_Donation) VALUES ('279621838', 'Maxwell', 'Simonis', 'No', '79', '128', '196', '1987-12-19');
INSERT INTO Donors (SSN, FName, LName, Eligible, Age, Weight, Iron_Level, Last_Donation) VALUES ('287229926', 'Jonatan', 'Ziemann', 'No', '29', '138', '223', '1996-06-07');
INSERT INTO Donors (SSN, FName, LName, Eligible, Age, Weight, Iron_Level, Last_Donation) VALUES ('297058621', 'Shawna', 'Schoen', 'No', '89', '187', '334', '2008-10-27');
INSERT INTO Donors (SSN, FName, LName, Eligible, Age, Weight, Iron_Level, Last_Donation) VALUES ('306176451', 'Jamaal', 'Stroman', 'No', '30', '143', '73', '2010-09-28');
INSERT INTO Donors (SSN, FName, LName, Eligible, Age, Weight, Iron_Level, Last_Donation) VALUES ('342649671', 'Mae', 'Gaylord', 'No', '74', '166', '264', '2007-07-27');
INSERT INTO Donors (SSN, FName, LName, Eligible, Age, Weight, Iron_Level, Last_Donation) VALUES ('352452870', 'Daija', 'Schamberger', 'Yes', '35', '126', '237', '2016-08-19');
INSERT INTO Donors (SSN, FName, LName, Eligible, Age, Weight, Iron_Level, Last_Donation) VALUES ('361280997', 'Augustine', 'Runolfsdottir', 'Yes', '55', '112', '209', '1982-02-03');
INSERT INTO Donors (SSN, FName, LName, Eligible, Age, Weight, Iron_Level, Last_Donation) VALUES ('371874742', 'Nedra', 'Harvey', 'Yes', '52', '111', '287', '2004-04-29');
INSERT INTO Donors (SSN, FName, LName, Eligible, Age, Weight, Iron_Level, Last_Donation) VALUES ('387153208', 'Salvatore', 'Kunde', 'No', '87', '169', '78', '2001-05-21');
INSERT INTO Donors (SSN, FName, LName, Eligible, Age, Weight, Iron_Level, Last_Donation) VALUES ('407938910', 'Broderick', 'Murphy', 'Yes', '45', '160', '92', '1993-01-21');
INSERT INTO Donors (SSN, FName, LName, Eligible, Age, Weight, Iron_Level, Last_Donation) VALUES ('408024840', 'Jettie', 'Lubowitz', 'Yes', '45', '195', '270', '2019-11-11');
INSERT INTO Donors (SSN, FName, LName, Eligible, Age, Weight, Iron_Level, Last_Donation) VALUES ('408355649', 'Kailyn', 'Franecki', 'No', '84', '124', '132', '1981-01-28');
INSERT INTO Donors (SSN, FName, LName, Eligible, Age, Weight, Iron_Level, Last_Donation) VALUES ('423689638', 'Johnson', 'Hudson', 'Yes', '69', '160', '117', '1979-10-06');
INSERT INTO Donors (SSN, FName, LName, Eligible, Age, Weight, Iron_Level, Last_Donation) VALUES ('427182720', 'Junius', 'Rolfson', 'Yes', '37', '171', '71', '2008-07-05');
INSERT INTO Donors (SSN, FName, LName, Eligible, Age, Weight, Iron_Level, Last_Donation) VALUES ('431501574', 'Anika', 'Raynor', 'No', '19', '113', '126', '1974-03-30');
INSERT INTO Donors (SSN, FName, LName, Eligible, Age, Weight, Iron_Level, Last_Donation) VALUES ('447102933', 'Rusty', 'Thiel', 'Yes', '27', '196', '243', '1979-09-23');
INSERT INTO Donors (SSN, FName, LName, Eligible, Age, Weight, Iron_Level, Last_Donation) VALUES ('450446500', 'Mckenna', 'Wisozk', 'No', '45', '172', '282', '1999-10-14');
INSERT INTO Donors (SSN, FName, LName, Eligible, Age, Weight, Iron_Level, Last_Donation) VALUES ('457080696', 'Ansel', 'Abshire', 'No', '57', '155', '350', '2008-10-15');
INSERT INTO Donors (SSN, FName, LName, Eligible, Age, Weight, Iron_Level, Last_Donation) VALUES ('459018712', 'Carley', 'Koss', 'Yes', '61', '116', '281', '1972-11-02');
INSERT INTO Donors (SSN, FName, LName, Eligible, Age, Weight, Iron_Level, Last_Donation) VALUES ('462078780', 'Demond', 'Kunde', 'Yes', '19', '170', '161', '1971-10-30');
INSERT INTO Donors (SSN, FName, LName, Eligible, Age, Weight, Iron_Level, Last_Donation) VALUES ('472082815', 'Darlene', 'Davis', 'Yes', '83', '191', '251', '2010-04-04');
INSERT INTO Donors (SSN, FName, LName, Eligible, Age, Weight, Iron_Level, Last_Donation) VALUES ('480429938', 'Efren', 'Rath', 'Yes', '83', '185', '166', '1994-10-14');
INSERT INTO Donors (SSN, FName, LName, Eligible, Age, Weight, Iron_Level, Last_Donation) VALUES ('489330553', 'Rylan', 'Miller', 'No', '93', '168', '278', '1988-06-24');
INSERT INTO Donors (SSN, FName, LName, Eligible, Age, Weight, Iron_Level, Last_Donation) VALUES ('501622759', 'Derick', 'Cummerata', 'No', '63', '143', '80', '1972-02-16');
INSERT INTO Donors (SSN, FName, LName, Eligible, Age, Weight, Iron_Level, Last_Donation) VALUES ('515185244', 'Dolores', 'Nienow', 'Yes', '81', '127', '66', '1989-12-25');
INSERT INTO Donors (SSN, FName, LName, Eligible, Age, Weight, Iron_Level, Last_Donation) VALUES ('515988711', 'Paolo', 'Ortiz', 'No', '86', '108', '133', '2009-09-25');
INSERT INTO Donors (SSN, FName, LName, Eligible, Age, Weight, Iron_Level, Last_Donation) VALUES ('520788731', 'Shyanne', 'Berge', 'No', '39', '161', '139', '2018-01-23');
INSERT INTO Donors (SSN, FName, LName, Eligible, Age, Weight, Iron_Level, Last_Donation) VALUES ('540019636', 'June', 'Konopelski', 'Yes', '46', '141', '349', '1981-12-30');
INSERT INTO Donors (SSN, FName, LName, Eligible, Age, Weight, Iron_Level, Last_Donation) VALUES ('562239016', 'Marcia', 'Cronin', 'No', '97', '103', '272', '2010-03-25');
INSERT INTO Donors (SSN, FName, LName, Eligible, Age, Weight, Iron_Level, Last_Donation) VALUES ('582640752', 'Jordi', 'Legros', 'No', '90', '154', '350', '1978-08-12');
INSERT INTO Donors (SSN, FName, LName, Eligible, Age, Weight, Iron_Level, Last_Donation) VALUES ('598532005', 'Kristy', 'Walter', 'No', '46', '182', '79', '1977-11-27');
INSERT INTO Donors (SSN, FName, LName, Eligible, Age, Weight, Iron_Level, Last_Donation) VALUES ('600805825', 'Angeline', 'Mills', 'No', '23', '167', '336', '2007-04-15');
INSERT INTO Donors (SSN, FName, LName, Eligible, Age, Weight, Iron_Level, Last_Donation) VALUES ('622892734', 'Maxwell', 'Sipes', 'No', '37', '159', '189', '1975-01-16');
INSERT INTO Donors (SSN, FName, LName, Eligible, Age, Weight, Iron_Level, Last_Donation) VALUES ('626639397', 'Alejandrin', 'Franecki', 'No', '74', '130', '103', '2011-04-26');
INSERT INTO Donors (SSN, FName, LName, Eligible, Age, Weight, Iron_Level, Last_Donation) VALUES ('628623592', 'Jackson', 'Wuckert', 'No', '70', '167', '61', '1973-05-05');
INSERT INTO Donors (SSN, FName, LName, Eligible, Age, Weight, Iron_Level, Last_Donation) VALUES ('630506185', 'Avis', 'Okuneva', 'Yes', '48', '135', '58', '1989-01-25');
INSERT INTO Donors (SSN, FName, LName, Eligible, Age, Weight, Iron_Level, Last_Donation) VALUES ('652986022', 'Ayla', 'Fay', 'No', '71', '170', '292', '1995-10-25');
INSERT INTO Donors (SSN, FName, LName, Eligible, Age, Weight, Iron_Level, Last_Donation) VALUES ('653027906', 'Carmine', 'Jakubowski', 'Yes', '84', '112', '79', '1982-09-10');
INSERT INTO Donors (SSN, FName, LName, Eligible, Age, Weight, Iron_Level, Last_Donation) VALUES ('655692499', 'Alford', 'Lehner', 'No', '39', '109', '302', '1987-04-11');
INSERT INTO Donors (SSN, FName, LName, Eligible, Age, Weight, Iron_Level, Last_Donation) VALUES ('665791826', 'Tyreek', 'Fahey', 'Yes', '86', '123', '280', '1991-11-05');
INSERT INTO Donors (SSN, FName, LName, Eligible, Age, Weight, Iron_Level, Last_Donation) VALUES ('669190127', 'Antonette', 'Runolfsson', 'No', '39', '111', '146', '1982-01-17');
INSERT INTO Donors (SSN, FName, LName, Eligible, Age, Weight, Iron_Level, Last_Donation) VALUES ('679051998', 'Mckenna', 'Robel', 'Yes', '22', '132', '94', '2003-10-19');
INSERT INTO Donors (SSN, FName, LName, Eligible, Age, Weight, Iron_Level, Last_Donation) VALUES ('683278540', 'Dasia', 'Zboncak', 'No', '68', '136', '138', '1978-03-21');
INSERT INTO Donors (SSN, FName, LName, Eligible, Age, Weight, Iron_Level, Last_Donation) VALUES ('686103966', 'Maybelle', 'Shields', 'No', '33', '122', '259', '1999-03-13');
INSERT INTO Donors (SSN, FName, LName, Eligible, Age, Weight, Iron_Level, Last_Donation) VALUES ('691554792', 'Emilio', 'Stroman', 'Yes', '20', '151', '306', '1985-08-17');
INSERT INTO Donors (SSN, FName, LName, Eligible, Age, Weight, Iron_Level, Last_Donation) VALUES ('692520300', 'Jerome', 'Gusikowski', 'No', '24', '125', '269', '2005-10-17');
INSERT INTO Donors (SSN, FName, LName, Eligible, Age, Weight, Iron_Level, Last_Donation) VALUES ('695571749', 'Jordane', 'Kemmer', 'No', '38', '156', '248', '1970-03-05');
INSERT INTO Donors (SSN, FName, LName, Eligible, Age, Weight, Iron_Level, Last_Donation) VALUES ('707677203', 'Hoyt', 'Grady', 'Yes', '77', '104', '80', '2014-11-28');
INSERT INTO Donors (SSN, FName, LName, Eligible, Age, Weight, Iron_Level, Last_Donation) VALUES ('715979674', 'Charlotte', 'Marks', 'Yes', '62', '107', '245', '1993-02-15');
INSERT INTO Donors (SSN, FName, LName, Eligible, Age, Weight, Iron_Level, Last_Donation) VALUES ('717047157', 'Tobin', 'Predovic', 'Yes', '26', '171', '66', '1995-07-05');
INSERT INTO Donors (SSN, FName, LName, Eligible, Age, Weight, Iron_Level, Last_Donation) VALUES ('729699682', 'Dimitri', 'Schamberger', 'Yes', '37', '130', '310', '1979-03-04');
INSERT INTO Donors (SSN, FName, LName, Eligible, Age, Weight, Iron_Level, Last_Donation) VALUES ('748282196', 'Hellen', 'Hahn', 'Yes', '49', '144', '140', '2000-03-01');
INSERT INTO Donors (SSN, FName, LName, Eligible, Age, Weight, Iron_Level, Last_Donation) VALUES ('752420794', 'Audrey', 'Gerlach', 'Yes', '97', '149', '244', '2003-12-15');
INSERT INTO Donors (SSN, FName, LName, Eligible, Age, Weight, Iron_Level, Last_Donation) VALUES ('761273051', 'Kade', 'Stiedemann', 'No', '93', '184', '265', '2007-08-20');
INSERT INTO Donors (SSN, FName, LName, Eligible, Age, Weight, Iron_Level, Last_Donation) VALUES ('779721350', 'Shemar', 'Hand', 'Yes', '85', '184', '322', '2018-10-28');
INSERT INTO Donors (SSN, FName, LName, Eligible, Age, Weight, Iron_Level, Last_Donation) VALUES ('780235693', 'Maiya', 'Hickle', 'No', '67', '181', '183', '1998-12-07');
INSERT INTO Donors (SSN, FName, LName, Eligible, Age, Weight, Iron_Level, Last_Donation) VALUES ('780696180', 'Pamela', 'DuBuque', 'Yes', '20', '117', '227', '1995-04-23');
INSERT INTO Donors (SSN, FName, LName, Eligible, Age, Weight, Iron_Level, Last_Donation) VALUES ('796881404', 'Misael', 'Aufderhar', 'No', '69', '190', '229', '2003-03-18');
INSERT INTO Donors (SSN, FName, LName, Eligible, Age, Weight, Iron_Level, Last_Donation) VALUES ('797398438', 'Linda', 'Okuneva', 'No', '92', '196', '257', '1976-10-11');
INSERT INTO Donors (SSN, FName, LName, Eligible, Age, Weight, Iron_Level, Last_Donation) VALUES ('802789105', 'Esmeralda', 'Ernser', 'Yes', '67', '143', '144', '1976-07-07');
INSERT INTO Donors (SSN, FName, LName, Eligible, Age, Weight, Iron_Level, Last_Donation) VALUES ('804830527', 'Ladarius', 'Klocko', 'Yes', '25', '163', '297', '1986-01-01');
INSERT INTO Donors (SSN, FName, LName, Eligible, Age, Weight, Iron_Level, Last_Donation) VALUES ('820548452', 'Riley', 'Morissette', 'Yes', '84', '178', '92', '1976-10-17');
INSERT INTO Donors (SSN, FName, LName, Eligible, Age, Weight, Iron_Level, Last_Donation) VALUES ('821749412', 'Drake', 'Stroman', 'No', '42', '130', '50', '1981-06-30');
INSERT INTO Donors (SSN, FName, LName, Eligible, Age, Weight, Iron_Level, Last_Donation) VALUES ('842512176', 'Schuyler', 'Franecki', 'No', '89', '168', '338', '2010-01-11');
INSERT INTO Donors (SSN, FName, LName, Eligible, Age, Weight, Iron_Level, Last_Donation) VALUES ('845192814', 'Deja', 'Lesch', 'No', '21', '158', '303', '1973-12-11');
INSERT INTO Donors (SSN, FName, LName, Eligible, Age, Weight, Iron_Level, Last_Donation) VALUES ('856905807', 'Garett', 'Rath', 'Yes', '34', '143', '239', '1971-11-11');
INSERT INTO Donors (SSN, FName, LName, Eligible, Age, Weight, Iron_Level, Last_Donation) VALUES ('862295630', 'Alana', 'Greenholt', 'No', '57', '164', '243', '2003-12-28');
INSERT INTO Donors (SSN, FName, LName, Eligible, Age, Weight, Iron_Level, Last_Donation) VALUES ('870398959', 'Ferne', 'Rutherford', 'No', '75', '150', '267', '1972-07-18');
INSERT INTO Donors (SSN, FName, LName, Eligible, Age, Weight, Iron_Level, Last_Donation) VALUES ('878494763', 'Chanel', 'Cole', 'Yes', '20', '200', '105', '1978-07-06');
INSERT INTO Donors (SSN, FName, LName, Eligible, Age, Weight, Iron_Level, Last_Donation) VALUES ('892858148', 'Nathan', 'Lind', 'Yes', '38', '146', '275', '1987-03-29');
INSERT INTO Donors (SSN, FName, LName, Eligible, Age, Weight, Iron_Level, Last_Donation) VALUES ('900164986', 'Caden', 'Deckow', 'Yes', '20', '183', '335', '2014-11-11');
INSERT INTO Donors (SSN, FName, LName, Eligible, Age, Weight, Iron_Level, Last_Donation) VALUES ('902910269', 'Berenice', 'Bechtelar', 'No', '91', '149', '241', '1981-04-14');
INSERT INTO Donors (SSN, FName, LName, Eligible, Age, Weight, Iron_Level, Last_Donation) VALUES ('912939727', 'Electa', 'Gorczany', 'Yes', '22', '118', '192', '1989-07-04');
INSERT INTO Donors (SSN, FName, LName, Eligible, Age, Weight, Iron_Level, Last_Donation) VALUES ('914446492', 'Natalie', 'Ortiz', 'Yes', '70', '114', '138', '1997-09-13');
INSERT INTO Donors (SSN, FName, LName, Eligible, Age, Weight, Iron_Level, Last_Donation) VALUES ('916017030', 'Marcelo', 'Sipes', 'No', '43', '146', '230', '2003-11-11');
INSERT INTO Donors (SSN, FName, LName, Eligible, Age, Weight, Iron_Level, Last_Donation) VALUES ('927662282', 'Noe', 'Brown', 'No', '39', '141', '247', '2005-05-30');
INSERT INTO Donors (SSN, FName, LName, Eligible, Age, Weight, Iron_Level, Last_Donation) VALUES ('993963741', 'Jazmin', 'Cummings', 'Yes', '65', '147', '237', '1997-10-18');


--
-- TABLE STRUCTURE FOR: Donee
--


INSERT INTO Donee (SSN, Age, Reason, Blood_Type, Hospital_Location) VALUES ('006499043', '33', 'low white cell count', 'B+', '03339');
INSERT INTO Donee (SSN, Age, Reason, Blood_Type, Hospital_Location) VALUES ('032106393', '51', 'kidney disease', 'AB+', '66133');
INSERT INTO Donee (SSN, Age, Reason, Blood_Type, Hospital_Location) VALUES ('046678841', '26', 'kidney disease', 'AB+', '79184');
INSERT INTO Donee (SSN, Age, Reason, Blood_Type, Hospital_Location) VALUES ('054141005', '24', 'anemia', 'AB+', '03339');
INSERT INTO Donee (SSN, Age, Reason, Blood_Type, Hospital_Location) VALUES ('073119141', '95', 'low iron levels', 'AB+', '79184');
INSERT INTO Donee (SSN, Age, Reason, Blood_Type, Hospital_Location) VALUES ('098425927', '29', 'intense bleeding', 'AB+', '66133');
INSERT INTO Donee (SSN, Age, Reason, Blood_Type, Hospital_Location) VALUES ('098660225', '22', 'intense bleeding', 'O+', '90670');
INSERT INTO Donee (SSN, Age, Reason, Blood_Type, Hospital_Location) VALUES ('105138287', '67', 'intense bleeding', 'AB+', '57641');
INSERT INTO Donee (SSN, Age, Reason, Blood_Type, Hospital_Location) VALUES ('117545936', '19', 'surgery', 'B-', '90670');
INSERT INTO Donee (SSN, Age, Reason, Blood_Type, Hospital_Location) VALUES ('124704951', '37', 'surgery', 'AB-', '66133');
INSERT INTO Donee (SSN, Age, Reason, Blood_Type, Hospital_Location) VALUES ('125349522', '27', 'low platelet level', 'O-', '03339');
INSERT INTO Donee (SSN, Age, Reason, Blood_Type, Hospital_Location) VALUES ('137383076', '45', 'anemia', 'A-', '55576');
INSERT INTO Donee (SSN, Age, Reason, Blood_Type, Hospital_Location) VALUES ('137418955', '79', 'anemia', 'AB+', '03339');
INSERT INTO Donee (SSN, Age, Reason, Blood_Type, Hospital_Location) VALUES ('154567438', '19', 'low white cell count', 'B+', '60357');
INSERT INTO Donee (SSN, Age, Reason, Blood_Type, Hospital_Location) VALUES ('156685376', '49', 'surgery', 'B-', '61586');
INSERT INTO Donee (SSN, Age, Reason, Blood_Type, Hospital_Location) VALUES ('172806153', '34', 'leukemia', 'O-', '79184');
INSERT INTO Donee (SSN, Age, Reason, Blood_Type, Hospital_Location) VALUES ('184817309', '52', 'low platelet level', 'B-', '90670');
INSERT INTO Donee (SSN, Age, Reason, Blood_Type, Hospital_Location) VALUES ('187165508', '86', 'intense bleeding', 'AB+', '61586');
INSERT INTO Donee (SSN, Age, Reason, Blood_Type, Hospital_Location) VALUES ('187522622', '48', 'low white cell count', 'AB+', '23977');
INSERT INTO Donee (SSN, Age, Reason, Blood_Type, Hospital_Location) VALUES ('193331907', '35', 'kidney disease', 'AB+', '60357');
INSERT INTO Donee (SSN, Age, Reason, Blood_Type, Hospital_Location) VALUES ('193992220', '99', 'low platelet level', 'O+', '03339');
INSERT INTO Donee (SSN, Age, Reason, Blood_Type, Hospital_Location) VALUES ('205704115', '22', 'low white cell count', 'B-', '23977');
INSERT INTO Donee (SSN, Age, Reason, Blood_Type, Hospital_Location) VALUES ('206665648', '57', 'anemia', 'AB+', '60357');
INSERT INTO Donee (SSN, Age, Reason, Blood_Type, Hospital_Location) VALUES ('238902120', '99', 'leukemia', 'AB+', '79184');
INSERT INTO Donee (SSN, Age, Reason, Blood_Type, Hospital_Location) VALUES ('242168801', '41', 'anemia', 'AB+', '55576');
INSERT INTO Donee (SSN, Age, Reason, Blood_Type, Hospital_Location) VALUES ('243028533', '47', 'leukemia', 'AB-', '79184');
INSERT INTO Donee (SSN, Age, Reason, Blood_Type, Hospital_Location) VALUES ('244025960', '23', 'anemia', 'AB-', '23977');
INSERT INTO Donee (SSN, Age, Reason, Blood_Type, Hospital_Location) VALUES ('247600233', '76', 'anemia', 'AB+', '90670');
INSERT INTO Donee (SSN, Age, Reason, Blood_Type, Hospital_Location) VALUES ('262003166', '74', 'low white cell count', 'AB-', '55576');
INSERT INTO Donee (SSN, Age, Reason, Blood_Type, Hospital_Location) VALUES ('291044853', '64', 'kidney disease', 'B+', '57641');
INSERT INTO Donee (SSN, Age, Reason, Blood_Type, Hospital_Location) VALUES ('297326375', '37', 'anemia', 'AB-', '66133');
INSERT INTO Donee (SSN, Age, Reason, Blood_Type, Hospital_Location) VALUES ('301907050', '89', 'leukemia', 'O+', '03339');
INSERT INTO Donee (SSN, Age, Reason, Blood_Type, Hospital_Location) VALUES ('306176863', '51', 'low white cell count', 'AB-', '03339');
INSERT INTO Donee (SSN, Age, Reason, Blood_Type, Hospital_Location) VALUES ('312433009', '76', 'anemia', 'O-', '57641');
INSERT INTO Donee (SSN, Age, Reason, Blood_Type, Hospital_Location) VALUES ('344180803', '93', 'low platelet level', 'AB+', '60357');
INSERT INTO Donee (SSN, Age, Reason, Blood_Type, Hospital_Location) VALUES ('364888843', '25', 'low iron levels', 'B+', '05463');
INSERT INTO Donee (SSN, Age, Reason, Blood_Type, Hospital_Location) VALUES ('383202248', '48', 'low platelet level', 'B-', '23977');
INSERT INTO Donee (SSN, Age, Reason, Blood_Type, Hospital_Location) VALUES ('391190218', '29', 'leukemia', 'AB-', '05463');
INSERT INTO Donee (SSN, Age, Reason, Blood_Type, Hospital_Location) VALUES ('397152139', '85', 'surgery', 'O-', '90670');
INSERT INTO Donee (SSN, Age, Reason, Blood_Type, Hospital_Location) VALUES ('397815964', '41', 'low white cell count', 'AB+', '05463');
INSERT INTO Donee (SSN, Age, Reason, Blood_Type, Hospital_Location) VALUES ('399630295', '98', 'intense bleeding', 'O+', '05463');
INSERT INTO Donee (SSN, Age, Reason, Blood_Type, Hospital_Location) VALUES ('413652850', '87', 'low white cell count', 'O-', '23977');
INSERT INTO Donee (SSN, Age, Reason, Blood_Type, Hospital_Location) VALUES ('418846791', '54', 'kidney disease', 'AB+', '57641');
INSERT INTO Donee (SSN, Age, Reason, Blood_Type, Hospital_Location) VALUES ('421156355', '62', 'low platelet level', 'AB-', '79184');
INSERT INTO Donee (SSN, Age, Reason, Blood_Type, Hospital_Location) VALUES ('426090768', '18', 'low platelet level', 'AB+', '66133');
INSERT INTO Donee (SSN, Age, Reason, Blood_Type, Hospital_Location) VALUES ('434438204', '19', 'low platelet level', 'O+', '57641');
INSERT INTO Donee (SSN, Age, Reason, Blood_Type, Hospital_Location) VALUES ('454681174', '59', 'low white cell count', 'AB+', '66133');
INSERT INTO Donee (SSN, Age, Reason, Blood_Type, Hospital_Location) VALUES ('473264144', '86', 'low white cell count', 'AB+', '57641');
INSERT INTO Donee (SSN, Age, Reason, Blood_Type, Hospital_Location) VALUES ('488376244', '50', 'low platelet level', 'A-', '55576');
INSERT INTO Donee (SSN, Age, Reason, Blood_Type, Hospital_Location) VALUES ('498722920', '83', 'surgery', 'O+', '60357');
INSERT INTO Donee (SSN, Age, Reason, Blood_Type, Hospital_Location) VALUES ('505265877', '81', 'low platelet level', 'AB-', '61586');
INSERT INTO Donee (SSN, Age, Reason, Blood_Type, Hospital_Location) VALUES ('513413919', '56', 'anemia', 'AB+', '79184');
INSERT INTO Donee (SSN, Age, Reason, Blood_Type, Hospital_Location) VALUES ('523419531', '70', 'surgery', 'B+', '60357');
INSERT INTO Donee (SSN, Age, Reason, Blood_Type, Hospital_Location) VALUES ('525938720', '50', 'leukemia', 'O-', '57641');
INSERT INTO Donee (SSN, Age, Reason, Blood_Type, Hospital_Location) VALUES ('528317615', '69', 'surgery', 'B-', '05463');
INSERT INTO Donee (SSN, Age, Reason, Blood_Type, Hospital_Location) VALUES ('539180811', '40', 'surgery', 'AB+', '55576');
INSERT INTO Donee (SSN, Age, Reason, Blood_Type, Hospital_Location) VALUES ('550618380', '94', 'low platelet level', 'O-', '23977');
INSERT INTO Donee (SSN, Age, Reason, Blood_Type, Hospital_Location) VALUES ('551053193', '51', 'kidney disease', 'AB+', '66133');
INSERT INTO Donee (SSN, Age, Reason, Blood_Type, Hospital_Location) VALUES ('566064442', '22', 'kidney disease', 'AB+', '05463');
INSERT INTO Donee (SSN, Age, Reason, Blood_Type, Hospital_Location) VALUES ('566318025', '59', 'low iron levels', 'B+', '90670');
INSERT INTO Donee (SSN, Age, Reason, Blood_Type, Hospital_Location) VALUES ('573387119', '50', 'surgery', 'AB+', '03339');
INSERT INTO Donee (SSN, Age, Reason, Blood_Type, Hospital_Location) VALUES ('577203896', '90', 'kidney disease', 'AB+', '05463');
INSERT INTO Donee (SSN, Age, Reason, Blood_Type, Hospital_Location) VALUES ('583922771', '56', 'anemia', 'B+', '60357');
INSERT INTO Donee (SSN, Age, Reason, Blood_Type, Hospital_Location) VALUES ('584143036', '66', 'kidney disease', 'AB-', '57641');
INSERT INTO Donee (SSN, Age, Reason, Blood_Type, Hospital_Location) VALUES ('586130351', '94', 'kidney disease', 'B-', '66133');
INSERT INTO Donee (SSN, Age, Reason, Blood_Type, Hospital_Location) VALUES ('586852782', '78', 'surgery', 'AB+', '61586');
INSERT INTO Donee (SSN, Age, Reason, Blood_Type, Hospital_Location) VALUES ('588313413', '68', 'anemia', 'B-', '66133');
INSERT INTO Donee (SSN, Age, Reason, Blood_Type, Hospital_Location) VALUES ('590103025', '62', 'low platelet level', 'B-', '61586');
INSERT INTO Donee (SSN, Age, Reason, Blood_Type, Hospital_Location) VALUES ('599442035', '30', 'low platelet level', 'AB+', '03339');
INSERT INTO Donee (SSN, Age, Reason, Blood_Type, Hospital_Location) VALUES ('600169796', '84', 'leukemia', 'O+', '23977');
INSERT INTO Donee (SSN, Age, Reason, Blood_Type, Hospital_Location) VALUES ('601462360', '53', 'low white cell count', 'AB+', '66133');
INSERT INTO Donee (SSN, Age, Reason, Blood_Type, Hospital_Location) VALUES ('606212879', '37', 'leukemia', 'O+', '61586');
INSERT INTO Donee (SSN, Age, Reason, Blood_Type, Hospital_Location) VALUES ('607841635', '68', 'low iron levels', 'A-', '60357');
INSERT INTO Donee (SSN, Age, Reason, Blood_Type, Hospital_Location) VALUES ('617700105', '43', 'leukemia', 'AB+', '55576');
INSERT INTO Donee (SSN, Age, Reason, Blood_Type, Hospital_Location) VALUES ('633723087', '53', 'low white cell count', 'AB+', '60357');
INSERT INTO Donee (SSN, Age, Reason, Blood_Type, Hospital_Location) VALUES ('663049508', '53', 'leukemia', 'O-', '55576');
INSERT INTO Donee (SSN, Age, Reason, Blood_Type, Hospital_Location) VALUES ('674537445', '86', 'surgery', 'AB+', '61586');
INSERT INTO Donee (SSN, Age, Reason, Blood_Type, Hospital_Location) VALUES ('684051073', '60', 'low iron levels', 'AB-', '61586');
INSERT INTO Donee (SSN, Age, Reason, Blood_Type, Hospital_Location) VALUES ('695117058', '40', 'low iron levels', 'O-', '55576');
INSERT INTO Donee (SSN, Age, Reason, Blood_Type, Hospital_Location) VALUES ('707448932', '25', 'low platelet level', 'B+', '57641');
INSERT INTO Donee (SSN, Age, Reason, Blood_Type, Hospital_Location) VALUES ('722569506', '19', 'intense bleeding', 'AB+', '55576');
INSERT INTO Donee (SSN, Age, Reason, Blood_Type, Hospital_Location) VALUES ('733696148', '88', 'anemia', 'B+', '90670');
INSERT INTO Donee (SSN, Age, Reason, Blood_Type, Hospital_Location) VALUES ('739517612', '88', 'surgery', 'AB+', '23977');
INSERT INTO Donee (SSN, Age, Reason, Blood_Type, Hospital_Location) VALUES ('747697206', '93', 'anemia', 'AB+', '61586');
INSERT INTO Donee (SSN, Age, Reason, Blood_Type, Hospital_Location) VALUES ('752886894', '20', 'kidney disease', 'AB+', '23977');
INSERT INTO Donee (SSN, Age, Reason, Blood_Type, Hospital_Location) VALUES ('766598729', '21', 'low white cell count', 'B+', '03339');
INSERT INTO Donee (SSN, Age, Reason, Blood_Type, Hospital_Location) VALUES ('777843325', '39', 'intense bleeding', 'O-', '90670');
INSERT INTO Donee (SSN, Age, Reason, Blood_Type, Hospital_Location) VALUES ('804845241', '35', 'anemia', 'O+', '05463');
INSERT INTO Donee (SSN, Age, Reason, Blood_Type, Hospital_Location) VALUES ('812608668', '20', 'low iron levels', 'AB+', '57641');
INSERT INTO Donee (SSN, Age, Reason, Blood_Type, Hospital_Location) VALUES ('827433692', '43', 'intense bleeding', 'B-', '90670');
INSERT INTO Donee (SSN, Age, Reason, Blood_Type, Hospital_Location) VALUES ('832218692', '92', 'surgery', 'A-', '60357');
INSERT INTO Donee (SSN, Age, Reason, Blood_Type, Hospital_Location) VALUES ('837476468', '66', 'low white cell count', 'B-', '55576');
INSERT INTO Donee (SSN, Age, Reason, Blood_Type, Hospital_Location) VALUES ('846943945', '69', 'kidney disease', 'B+', '23977');
INSERT INTO Donee (SSN, Age, Reason, Blood_Type, Hospital_Location) VALUES ('849815405', '87', 'low platelet level', 'A-', '79184');
INSERT INTO Donee (SSN, Age, Reason, Blood_Type, Hospital_Location) VALUES ('892649869', '30', 'anemia', 'A-', '79184');
INSERT INTO Donee (SSN, Age, Reason, Blood_Type, Hospital_Location) VALUES ('896518585', '29', 'low iron levels', 'O-', '61586');
INSERT INTO Donee (SSN, Age, Reason, Blood_Type, Hospital_Location) VALUES ('908469505', '23', 'kidney disease', 'AB+', '90670');
INSERT INTO Donee (SSN, Age, Reason, Blood_Type, Hospital_Location) VALUES ('931100852', '57', 'low platelet level', 'O-', '05463');
INSERT INTO Donee (SSN, Age, Reason, Blood_Type, Hospital_Location) VALUES ('945417917', '73', 'low iron levels', 'AB+', '79184');
INSERT INTO Donee (SSN, Age, Reason, Blood_Type, Hospital_Location) VALUES ('946591857', '95', 'leukemia', 'O+', '05463');


--
-- TABLE STRUCTURE FOR: Blood
--


INSERT INTO Blood (Blood_ID, Blood_Type, Donor_SSN, Amount, Donation_Location, Hospital_Sent_To) VALUES ('00706', 'O-', '423689638', '384.37', '35497', '60357');
INSERT INTO Blood (Blood_ID, Blood_Type, Donor_SSN, Amount, Donation_Location, Hospital_Sent_To) VALUES ('01231', 'B+', '748282196', '188.82', '98558', '57641');
INSERT INTO Blood (Blood_ID, Blood_Type, Donor_SSN, Amount, Donation_Location, Hospital_Sent_To) VALUES ('01324', 'O+', '912939727', '97.61', '76402', '60357');
INSERT INTO Blood (Blood_ID, Blood_Type, Donor_SSN, Amount, Donation_Location, Hospital_Sent_To) VALUES ('01672', 'B-', '842512176', '414.83', '45112', '61586');
INSERT INTO Blood (Blood_ID, Blood_Type, Donor_SSN, Amount, Donation_Location, Hospital_Sent_To) VALUES ('01729', 'O-', '665791826', '480.72', '47654', '23977');
INSERT INTO Blood (Blood_ID, Blood_Type, Donor_SSN, Amount, Donation_Location, Hospital_Sent_To) VALUES ('01950', 'A-', '462078780', '14.84', '70953', '23977');
INSERT INTO Blood (Blood_ID, Blood_Type, Donor_SSN, Amount, Donation_Location, Hospital_Sent_To) VALUES ('02733', 'B-', '820548452', '218.51', '34016', '57641');
INSERT INTO Blood (Blood_ID, Blood_Type, Donor_SSN, Amount, Donation_Location, Hospital_Sent_To) VALUES ('03247', 'O-', '279621838', '177.10', '77692', '55576');
INSERT INTO Blood (Blood_ID, Blood_Type, Donor_SSN, Amount, Donation_Location, Hospital_Sent_To) VALUES ('03300', 'O+', '679051998', '176.22', '53894', '57641');
INSERT INTO Blood (Blood_ID, Blood_Type, Donor_SSN, Amount, Donation_Location, Hospital_Sent_To) VALUES ('03846', 'B+', '669190127', '238.37', '51825', '55576');
INSERT INTO Blood (Blood_ID, Blood_Type, Donor_SSN, Amount, Donation_Location, Hospital_Sent_To) VALUES ('04228', 'B+', '080818060', '390.71', '17966', '57641');
INSERT INTO Blood (Blood_ID, Blood_Type, Donor_SSN, Amount, Donation_Location, Hospital_Sent_To) VALUES ('04376', 'O-', '630506185', '177.43', '27492', '79184');
INSERT INTO Blood (Blood_ID, Blood_Type, Donor_SSN, Amount, Donation_Location, Hospital_Sent_To) VALUES ('04823', 'A-', '622892734', '64.50', '23206', '60357');
INSERT INTO Blood (Blood_ID, Blood_Type, Donor_SSN, Amount, Donation_Location, Hospital_Sent_To) VALUES ('04864', 'O-', '371874742', '377.43', '23206', '03339');
INSERT INTO Blood (Blood_ID, Blood_Type, Donor_SSN, Amount, Donation_Location, Hospital_Sent_To) VALUES ('04905', 'O-', '152968497', '362.28', '51825', '55576');
INSERT INTO Blood (Blood_ID, Blood_Type, Donor_SSN, Amount, Donation_Location, Hospital_Sent_To) VALUES ('05401', 'A+', '669190127', '230.44', '51825', '55576');
INSERT INTO Blood (Blood_ID, Blood_Type, Donor_SSN, Amount, Donation_Location, Hospital_Sent_To) VALUES ('05620', 'A-', '387153208', '361.09', '24258', '05463');
INSERT INTO Blood (Blood_ID, Blood_Type, Donor_SSN, Amount, Donation_Location, Hospital_Sent_To) VALUES ('06494', 'O-', '480429938', '363.88', '74284', '57641');
INSERT INTO Blood (Blood_ID, Blood_Type, Donor_SSN, Amount, Donation_Location, Hospital_Sent_To) VALUES ('06645', 'B+', '129448760', '311.20', '45112', '05463');
INSERT INTO Blood (Blood_ID, Blood_Type, Donor_SSN, Amount, Donation_Location, Hospital_Sent_To) VALUES ('06772', 'AB-', '092046126', '317.29', '23206', '60357');
INSERT INTO Blood (Blood_ID, Blood_Type, Donor_SSN, Amount, Donation_Location, Hospital_Sent_To) VALUES ('07198', 'AB-', '172251756', '207.51', '70953', '66133');
INSERT INTO Blood (Blood_ID, Blood_Type, Donor_SSN, Amount, Donation_Location, Hospital_Sent_To) VALUES ('07220', 'A-', '652986022', '230.35', '34016', '90670');
INSERT INTO Blood (Blood_ID, Blood_Type, Donor_SSN, Amount, Donation_Location, Hospital_Sent_To) VALUES ('07395', 'B-', '900164986', '370.24', '72958', '55576');
INSERT INTO Blood (Blood_ID, Blood_Type, Donor_SSN, Amount, Donation_Location, Hospital_Sent_To) VALUES ('07829', 'O+', '862295630', '20.26', '53894', '90670');
INSERT INTO Blood (Blood_ID, Blood_Type, Donor_SSN, Amount, Donation_Location, Hospital_Sent_To) VALUES ('08092', 'AB-', '562239016', '209.46', '11821', '05463');
INSERT INTO Blood (Blood_ID, Blood_Type, Donor_SSN, Amount, Donation_Location, Hospital_Sent_To) VALUES ('08220', 'AB+', '407938910', '440.42', '26311', '23977');
INSERT INTO Blood (Blood_ID, Blood_Type, Donor_SSN, Amount, Donation_Location, Hospital_Sent_To) VALUES ('08313', 'O+', '842512176', '43.53', '45112', '61586');
INSERT INTO Blood (Blood_ID, Blood_Type, Donor_SSN, Amount, Donation_Location, Hospital_Sent_To) VALUES ('08329', 'AB+', '653027906', '347.16', '35497', '03339');
INSERT INTO Blood (Blood_ID, Blood_Type, Donor_SSN, Amount, Donation_Location, Hospital_Sent_To) VALUES ('08363', 'AB+', '707677203', '395.93', '76402', '03339');
INSERT INTO Blood (Blood_ID, Blood_Type, Donor_SSN, Amount, Donation_Location, Hospital_Sent_To) VALUES ('08562', 'O-', '797398438', '431.13', '24258', '05463');
INSERT INTO Blood (Blood_ID, Blood_Type, Donor_SSN, Amount, Donation_Location, Hospital_Sent_To) VALUES ('08996', 'A-', '729699682', '1.44', '77692', '55576');
INSERT INTO Blood (Blood_ID, Blood_Type, Donor_SSN, Amount, Donation_Location, Hospital_Sent_To) VALUES ('09103', 'B+', '153147908', '260.58', '53894', '57641');
INSERT INTO Blood (Blood_ID, Blood_Type, Donor_SSN, Amount, Donation_Location, Hospital_Sent_To) VALUES ('09388', 'O+', '780235693', '467.31', '16189', '79184');
INSERT INTO Blood (Blood_ID, Blood_Type, Donor_SSN, Amount, Donation_Location, Hospital_Sent_To) VALUES ('09601', 'O+', '562239016', '368.75', '11821', '05463');
INSERT INTO Blood (Blood_ID, Blood_Type, Donor_SSN, Amount, Donation_Location, Hospital_Sent_To) VALUES ('09963', 'AB-', '129448760', '272.70', '45112', '05463');
INSERT INTO Blood (Blood_ID, Blood_Type, Donor_SSN, Amount, Donation_Location, Hospital_Sent_To) VALUES ('10107', 'B-', '250007428', '166.79', '76586', '05463');
INSERT INTO Blood (Blood_ID, Blood_Type, Donor_SSN, Amount, Donation_Location, Hospital_Sent_To) VALUES ('10418', 'AB+', '154631858', '360.83', '61595', '60357');
INSERT INTO Blood (Blood_ID, Blood_Type, Donor_SSN, Amount, Donation_Location, Hospital_Sent_To) VALUES ('10577', 'B+', '342649671', '227.11', '15121', '66133');
INSERT INTO Blood (Blood_ID, Blood_Type, Donor_SSN, Amount, Donation_Location, Hospital_Sent_To) VALUES ('10760', 'B-', '902910269', '248.23', '74284', '57641');
INSERT INTO Blood (Blood_ID, Blood_Type, Donor_SSN, Amount, Donation_Location, Hospital_Sent_To) VALUES ('10803', 'A-', '752420794', '237.72', '09573', '60357');
INSERT INTO Blood (Blood_ID, Blood_Type, Donor_SSN, Amount, Donation_Location, Hospital_Sent_To) VALUES ('10900', 'AB+', '515185244', '249.92', '77689', '66133');
INSERT INTO Blood (Blood_ID, Blood_Type, Donor_SSN, Amount, Donation_Location, Hospital_Sent_To) VALUES ('11091', 'O-', '820548452', '300.10', '34016', '57641');
INSERT INTO Blood (Blood_ID, Blood_Type, Donor_SSN, Amount, Donation_Location, Hospital_Sent_To) VALUES ('11383', 'B+', '628623592', '271.36', '26311', '66133');
INSERT INTO Blood (Blood_ID, Blood_Type, Donor_SSN, Amount, Donation_Location, Hospital_Sent_To) VALUES ('11466', 'B-', '856905807', '50.05', '51825', '79184');
INSERT INTO Blood (Blood_ID, Blood_Type, Donor_SSN, Amount, Donation_Location, Hospital_Sent_To) VALUES ('11633', 'O+', '515988711', '36.93', '77692', '79184');
INSERT INTO Blood (Blood_ID, Blood_Type, Donor_SSN, Amount, Donation_Location, Hospital_Sent_To) VALUES ('11679', 'AB+', '128852007', '271.26', '35497', '03339');
INSERT INTO Blood (Blood_ID, Blood_Type, Donor_SSN, Amount, Donation_Location, Hospital_Sent_To) VALUES ('11812', 'B-', '870398959', '334.48', '61595', '03339');
INSERT INTO Blood (Blood_ID, Blood_Type, Donor_SSN, Amount, Donation_Location, Hospital_Sent_To) VALUES ('11959', 'O+', '748282196', '86.82', '98558', '57641');
INSERT INTO Blood (Blood_ID, Blood_Type, Donor_SSN, Amount, Donation_Location, Hospital_Sent_To) VALUES ('11988', 'B-', '408024840', '244.57', '27492', '55576');
INSERT INTO Blood (Blood_ID, Blood_Type, Donor_SSN, Amount, Donation_Location, Hospital_Sent_To) VALUES ('12126', 'B-', '043770560', '212.15', '11821', '05463');
INSERT INTO Blood (Blood_ID, Blood_Type, Donor_SSN, Amount, Donation_Location, Hospital_Sent_To) VALUES ('12164', 'B-', '695571749', '154.65', '74284', '90670');
INSERT INTO Blood (Blood_ID, Blood_Type, Donor_SSN, Amount, Donation_Location, Hospital_Sent_To) VALUES ('12169', 'O+', '172251756', '182.45', '70953', '66133');
INSERT INTO Blood (Blood_ID, Blood_Type, Donor_SSN, Amount, Donation_Location, Hospital_Sent_To) VALUES ('12219', 'A-', '457080696', '402.23', '61595', '03339');
INSERT INTO Blood (Blood_ID, Blood_Type, Donor_SSN, Amount, Donation_Location, Hospital_Sent_To) VALUES ('12353', 'B+', '821749412', '377.59', '35497', '60357');
INSERT INTO Blood (Blood_ID, Blood_Type, Donor_SSN, Amount, Donation_Location, Hospital_Sent_To) VALUES ('12702', 'AB-', '900164986', '243.60', '72958', '55576');
INSERT INTO Blood (Blood_ID, Blood_Type, Donor_SSN, Amount, Donation_Location, Hospital_Sent_To) VALUES ('12759', 'B-', '655692499', '3.41', '45112', '05463');
INSERT INTO Blood (Blood_ID, Blood_Type, Donor_SSN, Amount, Donation_Location, Hospital_Sent_To) VALUES ('12768', 'B+', '515988711', '187.90', '77692', '79184');
INSERT INTO Blood (Blood_ID, Blood_Type, Donor_SSN, Amount, Donation_Location, Hospital_Sent_To) VALUES ('13081', 'A-', '842512176', '299.03', '45112', '61586');
INSERT INTO Blood (Blood_ID, Blood_Type, Donor_SSN, Amount, Donation_Location, Hospital_Sent_To) VALUES ('13461', 'A-', '652986022', '102.71', '34016', '90670');
INSERT INTO Blood (Blood_ID, Blood_Type, Donor_SSN, Amount, Donation_Location, Hospital_Sent_To) VALUES ('13468', 'A-', '686103966', '335.15', '61721', '61586');
INSERT INTO Blood (Blood_ID, Blood_Type, Donor_SSN, Amount, Donation_Location, Hospital_Sent_To) VALUES ('13792', 'AB-', '212862684', '317.41', '76402', '03339');
INSERT INTO Blood (Blood_ID, Blood_Type, Donor_SSN, Amount, Donation_Location, Hospital_Sent_To) VALUES ('13801', 'A+', '520788731', '333.82', '98558', '90670');
INSERT INTO Blood (Blood_ID, Blood_Type, Donor_SSN, Amount, Donation_Location, Hospital_Sent_To) VALUES ('13865', 'A+', '902910269', '122.08', '74284', '57641');
INSERT INTO Blood (Blood_ID, Blood_Type, Donor_SSN, Amount, Donation_Location, Hospital_Sent_To) VALUES ('13924', 'B+', '870398959', '308.22', '61595', '03339');
INSERT INTO Blood (Blood_ID, Blood_Type, Donor_SSN, Amount, Donation_Location, Hospital_Sent_To) VALUES ('14091', 'AB-', '515185244', '178.74', '77689', '66133');
INSERT INTO Blood (Blood_ID, Blood_Type, Donor_SSN, Amount, Donation_Location, Hospital_Sent_To) VALUES ('14557', 'AB+', '717047157', '88.26', '77689', '23977');
INSERT INTO Blood (Blood_ID, Blood_Type, Donor_SSN, Amount, Donation_Location, Hospital_Sent_To) VALUES ('14624', 'O-', '916017030', '347.38', '77689', '66133');
INSERT INTO Blood (Blood_ID, Blood_Type, Donor_SSN, Amount, Donation_Location, Hospital_Sent_To) VALUES ('14928', 'B-', '459018712', '21.83', '61721', '05463');
INSERT INTO Blood (Blood_ID, Blood_Type, Donor_SSN, Amount, Donation_Location, Hospital_Sent_To) VALUES ('15080', 'AB+', '862295630', '238.66', '53894', '90670');
INSERT INTO Blood (Blood_ID, Blood_Type, Donor_SSN, Amount, Donation_Location, Hospital_Sent_To) VALUES ('15171', 'B+', '137557218', '294.39', '47654', '23977');
INSERT INTO Blood (Blood_ID, Blood_Type, Donor_SSN, Amount, Donation_Location, Hospital_Sent_To) VALUES ('15184', 'AB-', '297058621', '470.19', '09573', '60357');
INSERT INTO Blood (Blood_ID, Blood_Type, Donor_SSN, Amount, Donation_Location, Hospital_Sent_To) VALUES ('15216', 'B+', '655692499', '273.93', '45112', '05463');
INSERT INTO Blood (Blood_ID, Blood_Type, Donor_SSN, Amount, Donation_Location, Hospital_Sent_To) VALUES ('15317', 'AB-', '691554792', '34.54', '70953', '66133');
INSERT INTO Blood (Blood_ID, Blood_Type, Donor_SSN, Amount, Donation_Location, Hospital_Sent_To) VALUES ('15484', 'B+', '761273051', '428.45', '11821', '61586');
INSERT INTO Blood (Blood_ID, Blood_Type, Donor_SSN, Amount, Donation_Location, Hospital_Sent_To) VALUES ('15774', 'AB+', '096654613', '90.63', '24258', '61586');
INSERT INTO Blood (Blood_ID, Blood_Type, Donor_SSN, Amount, Donation_Location, Hospital_Sent_To) VALUES ('15965', 'AB-', '622892734', '280.06', '23206', '60357');
INSERT INTO Blood (Blood_ID, Blood_Type, Donor_SSN, Amount, Donation_Location, Hospital_Sent_To) VALUES ('15972', 'B+', '489330553', '396.74', '76402', '60357');
INSERT INTO Blood (Blood_ID, Blood_Type, Donor_SSN, Amount, Donation_Location, Hospital_Sent_To) VALUES ('15984', 'B-', '047397668', '336.14', '16189', '55576');
INSERT INTO Blood (Blood_ID, Blood_Type, Donor_SSN, Amount, Donation_Location, Hospital_Sent_To) VALUES ('16051', 'O-', '683278540', '426.13', '61595', '60357');
INSERT INTO Blood (Blood_ID, Blood_Type, Donor_SSN, Amount, Donation_Location, Hospital_Sent_To) VALUES ('16158', 'AB-', '159839422', '423.10', '61721', '61586');
INSERT INTO Blood (Blood_ID, Blood_Type, Donor_SSN, Amount, Donation_Location, Hospital_Sent_To) VALUES ('16244', 'B-', '683278540', '171.33', '61595', '60357');
INSERT INTO Blood (Blood_ID, Blood_Type, Donor_SSN, Amount, Donation_Location, Hospital_Sent_To) VALUES ('16362', 'A+', '748282196', '320.01', '98558', '57641');
INSERT INTO Blood (Blood_ID, Blood_Type, Donor_SSN, Amount, Donation_Location, Hospital_Sent_To) VALUES ('16579', 'A-', '842512176', '270.09', '45112', '61586');
INSERT INTO Blood (Blood_ID, Blood_Type, Donor_SSN, Amount, Donation_Location, Hospital_Sent_To) VALUES ('17090', 'O-', '927662282', '102.16', '77692', '79184');
INSERT INTO Blood (Blood_ID, Blood_Type, Donor_SSN, Amount, Donation_Location, Hospital_Sent_To) VALUES ('17290', 'B-', '927662282', '314.07', '77692', '79184');
INSERT INTO Blood (Blood_ID, Blood_Type, Donor_SSN, Amount, Donation_Location, Hospital_Sent_To) VALUES ('17520', 'B+', '188933463', '31.26', '72958', '79184');
INSERT INTO Blood (Blood_ID, Blood_Type, Donor_SSN, Amount, Donation_Location, Hospital_Sent_To) VALUES ('17601', 'AB+', '520788731', '363.20', '98558', '90670');
INSERT INTO Blood (Blood_ID, Blood_Type, Donor_SSN, Amount, Donation_Location, Hospital_Sent_To) VALUES ('17776', 'AB+', '582640752', '496.07', '15121', '23977');
INSERT INTO Blood (Blood_ID, Blood_Type, Donor_SSN, Amount, Donation_Location, Hospital_Sent_To) VALUES ('18193', 'AB-', '993963741', '492.71', '98558', '90670');
INSERT INTO Blood (Blood_ID, Blood_Type, Donor_SSN, Amount, Donation_Location, Hospital_Sent_To) VALUES ('18290', 'A-', '371874742', '281.07', '23206', '03339');
INSERT INTO Blood (Blood_ID, Blood_Type, Donor_SSN, Amount, Donation_Location, Hospital_Sent_To) VALUES ('18940', 'AB+', '912939727', '20.24', '76402', '60357');
INSERT INTO Blood (Blood_ID, Blood_Type, Donor_SSN, Amount, Donation_Location, Hospital_Sent_To) VALUES ('18957', 'A+', '562239016', '318.33', '11821', '05463');
INSERT INTO Blood (Blood_ID, Blood_Type, Donor_SSN, Amount, Donation_Location, Hospital_Sent_To) VALUES ('19081', 'AB+', '630506185', '45.16', '27492', '79184');
INSERT INTO Blood (Blood_ID, Blood_Type, Donor_SSN, Amount, Donation_Location, Hospital_Sent_To) VALUES ('19162', 'AB-', '092046126', '93.79', '23206', '60357');
INSERT INTO Blood (Blood_ID, Blood_Type, Donor_SSN, Amount, Donation_Location, Hospital_Sent_To) VALUES ('19494', 'AB+', '111576656', '227.07', '26311', '66133');
INSERT INTO Blood (Blood_ID, Blood_Type, Donor_SSN, Amount, Donation_Location, Hospital_Sent_To) VALUES ('19563', 'O+', '408355649', '258.57', '34016', '57641');
INSERT INTO Blood (Blood_ID, Blood_Type, Donor_SSN, Amount, Donation_Location, Hospital_Sent_To) VALUES ('19886', 'O-', '462078780', '348.09', '70953', '23977');
INSERT INTO Blood (Blood_ID, Blood_Type, Donor_SSN, Amount, Donation_Location, Hospital_Sent_To) VALUES ('19946', 'A+', '652986022', '161.25', '34016', '90670');
INSERT INTO Blood (Blood_ID, Blood_Type, Donor_SSN, Amount, Donation_Location, Hospital_Sent_To) VALUES ('20335', 'A+', '080818060', '83.23', '17966', '57641');
INSERT INTO Blood (Blood_ID, Blood_Type, Donor_SSN, Amount, Donation_Location, Hospital_Sent_To) VALUES ('20399', 'B-', '796881404', '374.15', '23206', '03339');
INSERT INTO Blood (Blood_ID, Blood_Type, Donor_SSN, Amount, Donation_Location, Hospital_Sent_To) VALUES ('20433', 'O+', '729699682', '26.16', '77692', '55576');
INSERT INTO Blood (Blood_ID, Blood_Type, Donor_SSN, Amount, Donation_Location, Hospital_Sent_To) VALUES ('20743', 'A+', '520788731', '210.31', '98558', '90670');
INSERT INTO Blood (Blood_ID, Blood_Type, Donor_SSN, Amount, Donation_Location, Hospital_Sent_To) VALUES ('20940', 'AB+', '892858148', '122.12', '70953', '23977');
INSERT INTO Blood (Blood_ID, Blood_Type, Donor_SSN, Amount, Donation_Location, Hospital_Sent_To) VALUES ('21213', 'AB-', '306176451', '336.29', '11821', '61586');
INSERT INTO Blood (Blood_ID, Blood_Type, Donor_SSN, Amount, Donation_Location, Hospital_Sent_To) VALUES ('21339', 'AB+', '096654613', '386.50', '24258', '61586');
INSERT INTO Blood (Blood_ID, Blood_Type, Donor_SSN, Amount, Donation_Location, Hospital_Sent_To) VALUES ('21641', 'A+', '277228674', '390.37', '77689', '23977');
INSERT INTO Blood (Blood_ID, Blood_Type, Donor_SSN, Amount, Donation_Location, Hospital_Sent_To) VALUES ('21954', 'B+', '044667035', '307.92', '15121', '23977');
INSERT INTO Blood (Blood_ID, Blood_Type, Donor_SSN, Amount, Donation_Location, Hospital_Sent_To) VALUES ('22092', 'A+', '361280997', '203.21', '17966', '90670');
INSERT INTO Blood (Blood_ID, Blood_Type, Donor_SSN, Amount, Donation_Location, Hospital_Sent_To) VALUES ('22552', 'B+', '250007428', '80.75', '76586', '05463');
INSERT INTO Blood (Blood_ID, Blood_Type, Donor_SSN, Amount, Donation_Location, Hospital_Sent_To) VALUES ('23163', 'AB-', '802789105', '472.61', '26311', '23977');
INSERT INTO Blood (Blood_ID, Blood_Type, Donor_SSN, Amount, Donation_Location, Hospital_Sent_To) VALUES ('23262', 'B-', '715979674', '39.34', '76586', '05463');
INSERT INTO Blood (Blood_ID, Blood_Type, Donor_SSN, Amount, Donation_Location, Hospital_Sent_To) VALUES ('23597', 'O-', '431501574', '440.67', '47654', '66133');
INSERT INTO Blood (Blood_ID, Blood_Type, Donor_SSN, Amount, Donation_Location, Hospital_Sent_To) VALUES ('23891', 'A-', '927662282', '68.67', '77692', '79184');
INSERT INTO Blood (Blood_ID, Blood_Type, Donor_SSN, Amount, Donation_Location, Hospital_Sent_To) VALUES ('24594', 'AB-', '277228674', '373.07', '77689', '23977');
INSERT INTO Blood (Blood_ID, Blood_Type, Donor_SSN, Amount, Donation_Location, Hospital_Sent_To) VALUES ('24641', 'AB-', '480429938', '49.50', '74284', '57641');
INSERT INTO Blood (Blood_ID, Blood_Type, Donor_SSN, Amount, Donation_Location, Hospital_Sent_To) VALUES ('24654', 'O-', '761273051', '345.88', '11821', '61586');
INSERT INTO Blood (Blood_ID, Blood_Type, Donor_SSN, Amount, Donation_Location, Hospital_Sent_To) VALUES ('25014', 'O+', '520788731', '51.72', '98558', '90670');
INSERT INTO Blood (Blood_ID, Blood_Type, Donor_SSN, Amount, Donation_Location, Hospital_Sent_To) VALUES ('25276', 'B+', '686103966', '238.51', '61721', '61586');
INSERT INTO Blood (Blood_ID, Blood_Type, Donor_SSN, Amount, Donation_Location, Hospital_Sent_To) VALUES ('25629', 'A+', '423689638', '3.45', '35497', '60357');
INSERT INTO Blood (Blood_ID, Blood_Type, Donor_SSN, Amount, Donation_Location, Hospital_Sent_To) VALUES ('25632', 'A-', '729699682', '285.45', '77692', '55576');
INSERT INTO Blood (Blood_ID, Blood_Type, Donor_SSN, Amount, Donation_Location, Hospital_Sent_To) VALUES ('25653', 'B-', '515988711', '499.36', '77692', '79184');
INSERT INTO Blood (Blood_ID, Blood_Type, Donor_SSN, Amount, Donation_Location, Hospital_Sent_To) VALUES ('25747', 'AB+', '717047157', '346.52', '77689', '23977');
INSERT INTO Blood (Blood_ID, Blood_Type, Donor_SSN, Amount, Donation_Location, Hospital_Sent_To) VALUES ('25902', 'O-', '423689638', '81.95', '35497', '60357');
INSERT INTO Blood (Blood_ID, Blood_Type, Donor_SSN, Amount, Donation_Location, Hospital_Sent_To) VALUES ('25987', 'B-', '892858148', '364.58', '70953', '23977');
INSERT INTO Blood (Blood_ID, Blood_Type, Donor_SSN, Amount, Donation_Location, Hospital_Sent_To) VALUES ('26129', 'AB+', '128852007', '106.98', '35497', '03339');
INSERT INTO Blood (Blood_ID, Blood_Type, Donor_SSN, Amount, Donation_Location, Hospital_Sent_To) VALUES ('26182', 'B-', '427182720', '438.56', '45112', '61586');
INSERT INTO Blood (Blood_ID, Blood_Type, Donor_SSN, Amount, Donation_Location, Hospital_Sent_To) VALUES ('26359', 'B+', '914446492', '257.34', '76586', '61586');
INSERT INTO Blood (Blood_ID, Blood_Type, Donor_SSN, Amount, Donation_Location, Hospital_Sent_To) VALUES ('26446', 'O+', '515988711', '277.42', '77692', '79184');
INSERT INTO Blood (Blood_ID, Blood_Type, Donor_SSN, Amount, Donation_Location, Hospital_Sent_To) VALUES ('26841', 'O+', '761273051', '479.36', '11821', '61586');
INSERT INTO Blood (Blood_ID, Blood_Type, Donor_SSN, Amount, Donation_Location, Hospital_Sent_To) VALUES ('26863', 'O-', '279621838', '361.59', '77692', '55576');
INSERT INTO Blood (Blood_ID, Blood_Type, Donor_SSN, Amount, Donation_Location, Hospital_Sent_To) VALUES ('27197', 'A+', '408355649', '258.18', '34016', '57641');
INSERT INTO Blood (Blood_ID, Blood_Type, Donor_SSN, Amount, Donation_Location, Hospital_Sent_To) VALUES ('27427', 'A+', '912939727', '298.60', '76402', '60357');
INSERT INTO Blood (Blood_ID, Blood_Type, Donor_SSN, Amount, Donation_Location, Hospital_Sent_To) VALUES ('27925', 'A+', '427182720', '370.71', '45112', '61586');
INSERT INTO Blood (Blood_ID, Blood_Type, Donor_SSN, Amount, Donation_Location, Hospital_Sent_To) VALUES ('27934', 'B-', '450446500', '407.77', '53894', '90670');
INSERT INTO Blood (Blood_ID, Blood_Type, Donor_SSN, Amount, Donation_Location, Hospital_Sent_To) VALUES ('27975', 'A-', '427182720', '475.12', '45112', '61586');
INSERT INTO Blood (Blood_ID, Blood_Type, Donor_SSN, Amount, Donation_Location, Hospital_Sent_To) VALUES ('28035', 'B-', '188933463', '246.37', '72958', '79184');
INSERT INTO Blood (Blood_ID, Blood_Type, Donor_SSN, Amount, Donation_Location, Hospital_Sent_To) VALUES ('28331', 'A+', '715979674', '44.06', '76586', '05463');
INSERT INTO Blood (Blood_ID, Blood_Type, Donor_SSN, Amount, Donation_Location, Hospital_Sent_To) VALUES ('28354', 'B+', '729699682', '112.98', '77692', '55576');
INSERT INTO Blood (Blood_ID, Blood_Type, Donor_SSN, Amount, Donation_Location, Hospital_Sent_To) VALUES ('28381', 'AB-', '022982012', '115.06', '09573', '03339');
INSERT INTO Blood (Blood_ID, Blood_Type, Donor_SSN, Amount, Donation_Location, Hospital_Sent_To) VALUES ('28526', 'A-', '914446492', '407.48', '76586', '61586');
INSERT INTO Blood (Blood_ID, Blood_Type, Donor_SSN, Amount, Donation_Location, Hospital_Sent_To) VALUES ('28547', 'B+', '628623592', '51.79', '26311', '66133');
INSERT INTO Blood (Blood_ID, Blood_Type, Donor_SSN, Amount, Donation_Location, Hospital_Sent_To) VALUES ('28688', 'AB-', '820548452', '250.86', '34016', '57641');
INSERT INTO Blood (Blood_ID, Blood_Type, Donor_SSN, Amount, Donation_Location, Hospital_Sent_To) VALUES ('28749', 'B+', '779721350', '241.23', '15121', '66133');
INSERT INTO Blood (Blood_ID, Blood_Type, Donor_SSN, Amount, Donation_Location, Hospital_Sent_To) VALUES ('28797', 'AB+', '501622759', '377.60', '76586', '61586');
INSERT INTO Blood (Blood_ID, Blood_Type, Donor_SSN, Amount, Donation_Location, Hospital_Sent_To) VALUES ('29096', 'A+', '626639397', '220.51', '24258', '61586');
INSERT INTO Blood (Blood_ID, Blood_Type, Donor_SSN, Amount, Donation_Location, Hospital_Sent_To) VALUES ('29114', 'AB-', '916017030', '78.43', '77689', '66133');
INSERT INTO Blood (Blood_ID, Blood_Type, Donor_SSN, Amount, Donation_Location, Hospital_Sent_To) VALUES ('29438', 'B-', '279621838', '61.16', '77692', '55576');
INSERT INTO Blood (Blood_ID, Blood_Type, Donor_SSN, Amount, Donation_Location, Hospital_Sent_To) VALUES ('29633', 'AB+', '562239016', '111.29', '11821', '05463');
INSERT INTO Blood (Blood_ID, Blood_Type, Donor_SSN, Amount, Donation_Location, Hospital_Sent_To) VALUES ('29768', 'AB+', '652986022', '249.38', '34016', '90670');
INSERT INTO Blood (Blood_ID, Blood_Type, Donor_SSN, Amount, Donation_Location, Hospital_Sent_To) VALUES ('29978', 'AB+', '856905807', '21.60', '51825', '79184');
INSERT INTO Blood (Blood_ID, Blood_Type, Donor_SSN, Amount, Donation_Location, Hospital_Sent_To) VALUES ('30186', 'AB-', '124759249', '419.15', '27492', '79184');
INSERT INTO Blood (Blood_ID, Blood_Type, Donor_SSN, Amount, Donation_Location, Hospital_Sent_To) VALUES ('30391', 'AB-', '695571749', '136.32', '74284', '90670');
INSERT INTO Blood (Blood_ID, Blood_Type, Donor_SSN, Amount, Donation_Location, Hospital_Sent_To) VALUES ('30456', 'AB-', '780696180', '411.64', '17966', '90670');
INSERT INTO Blood (Blood_ID, Blood_Type, Donor_SSN, Amount, Donation_Location, Hospital_Sent_To) VALUES ('30522', 'B-', '628623592', '358.75', '26311', '66133');
INSERT INTO Blood (Blood_ID, Blood_Type, Donor_SSN, Amount, Donation_Location, Hospital_Sent_To) VALUES ('30876', 'A+', '856905807', '97.67', '51825', '79184');
INSERT INTO Blood (Blood_ID, Blood_Type, Donor_SSN, Amount, Donation_Location, Hospital_Sent_To) VALUES ('30898', 'O-', '287229926', '471.03', '98558', '57641');
INSERT INTO Blood (Blood_ID, Blood_Type, Donor_SSN, Amount, Donation_Location, Hospital_Sent_To) VALUES ('30965', 'O-', '352452870', '273.36', '16189', '79184');
INSERT INTO Blood (Blood_ID, Blood_Type, Donor_SSN, Amount, Donation_Location, Hospital_Sent_To) VALUES ('31036', 'AB+', '154631858', '485.33', '61595', '60357');
INSERT INTO Blood (Blood_ID, Blood_Type, Donor_SSN, Amount, Donation_Location, Hospital_Sent_To) VALUES ('31412', 'AB-', '900164986', '440.32', '72958', '55576');
INSERT INTO Blood (Blood_ID, Blood_Type, Donor_SSN, Amount, Donation_Location, Hospital_Sent_To) VALUES ('31493', 'AB+', '287229926', '345.84', '98558', '57641');
INSERT INTO Blood (Blood_ID, Blood_Type, Donor_SSN, Amount, Donation_Location, Hospital_Sent_To) VALUES ('31524', 'AB+', '630506185', '132.85', '27492', '79184');
INSERT INTO Blood (Blood_ID, Blood_Type, Donor_SSN, Amount, Donation_Location, Hospital_Sent_To) VALUES ('31551', 'A-', '862295630', '144.24', '53894', '90670');
INSERT INTO Blood (Blood_ID, Blood_Type, Donor_SSN, Amount, Donation_Location, Hospital_Sent_To) VALUES ('31661', 'B+', '152968497', '450.73', '51825', '55576');
INSERT INTO Blood (Blood_ID, Blood_Type, Donor_SSN, Amount, Donation_Location, Hospital_Sent_To) VALUES ('31666', 'B+', '902910269', '114.28', '74284', '57641');
INSERT INTO Blood (Blood_ID, Blood_Type, Donor_SSN, Amount, Donation_Location, Hospital_Sent_To) VALUES ('31676', 'B-', '515988711', '265.41', '77692', '79184');
INSERT INTO Blood (Blood_ID, Blood_Type, Donor_SSN, Amount, Donation_Location, Hospital_Sent_To) VALUES ('31751', 'O-', '780696180', '255.12', '17966', '90670');
INSERT INTO Blood (Blood_ID, Blood_Type, Donor_SSN, Amount, Donation_Location, Hospital_Sent_To) VALUES ('31769', 'O-', '686103966', '395.46', '61721', '61586');
INSERT INTO Blood (Blood_ID, Blood_Type, Donor_SSN, Amount, Donation_Location, Hospital_Sent_To) VALUES ('31838', 'O+', '665791826', '137.69', '47654', '23977');
INSERT INTO Blood (Blood_ID, Blood_Type, Donor_SSN, Amount, Donation_Location, Hospital_Sent_To) VALUES ('32098', 'O-', '862295630', '455.84', '53894', '90670');
INSERT INTO Blood (Blood_ID, Blood_Type, Donor_SSN, Amount, Donation_Location, Hospital_Sent_To) VALUES ('32196', 'AB-', '361280997', '31.75', '17966', '90670');
INSERT INTO Blood (Blood_ID, Blood_Type, Donor_SSN, Amount, Donation_Location, Hospital_Sent_To) VALUES ('33562', 'AB-', '450446500', '282.85', '53894', '90670');
INSERT INTO Blood (Blood_ID, Blood_Type, Donor_SSN, Amount, Donation_Location, Hospital_Sent_To) VALUES ('33577', 'B-', '820548452', '466.62', '34016', '57641');
INSERT INTO Blood (Blood_ID, Blood_Type, Donor_SSN, Amount, Donation_Location, Hospital_Sent_To) VALUES ('33651', 'O+', '472082815', '283.27', '72958', '55576');
INSERT INTO Blood (Blood_ID, Blood_Type, Donor_SSN, Amount, Donation_Location, Hospital_Sent_To) VALUES ('33729', 'A-', '752420794', '18.05', '09573', '60357');
INSERT INTO Blood (Blood_ID, Blood_Type, Donor_SSN, Amount, Donation_Location, Hospital_Sent_To) VALUES ('33913', 'AB+', '297058621', '480.75', '09573', '60357');
INSERT INTO Blood (Blood_ID, Blood_Type, Donor_SSN, Amount, Donation_Location, Hospital_Sent_To) VALUES ('33990', 'A-', '297058621', '491.30', '09573', '60357');
INSERT INTO Blood (Blood_ID, Blood_Type, Donor_SSN, Amount, Donation_Location, Hospital_Sent_To) VALUES ('34022', 'A+', '692520300', '376.20', '72958', '79184');
INSERT INTO Blood (Blood_ID, Blood_Type, Donor_SSN, Amount, Donation_Location, Hospital_Sent_To) VALUES ('34035', 'O+', '655692499', '326.70', '45112', '05463');
INSERT INTO Blood (Blood_ID, Blood_Type, Donor_SSN, Amount, Donation_Location, Hospital_Sent_To) VALUES ('34862', 'O-', '692520300', '216.03', '72958', '79184');
INSERT INTO Blood (Blood_ID, Blood_Type, Donor_SSN, Amount, Donation_Location, Hospital_Sent_To) VALUES ('34981', 'AB+', '820548452', '491.09', '34016', '57641');
INSERT INTO Blood (Blood_ID, Blood_Type, Donor_SSN, Amount, Donation_Location, Hospital_Sent_To) VALUES ('35004', 'AB-', '878494763', '455.81', '61721', '05463');
INSERT INTO Blood (Blood_ID, Blood_Type, Donor_SSN, Amount, Donation_Location, Hospital_Sent_To) VALUES ('35038', 'A+', '600805825', '451.34', '17966', '57641');
INSERT INTO Blood (Blood_ID, Blood_Type, Donor_SSN, Amount, Donation_Location, Hospital_Sent_To) VALUES ('35365', 'B-', '692520300', '303.07', '72958', '79184');
INSERT INTO Blood (Blood_ID, Blood_Type, Donor_SSN, Amount, Donation_Location, Hospital_Sent_To) VALUES ('35789', 'A-', '489330553', '286.63', '76402', '60357');
INSERT INTO Blood (Blood_ID, Blood_Type, Donor_SSN, Amount, Donation_Location, Hospital_Sent_To) VALUES ('36170', 'A-', '431501574', '365.87', '47654', '66133');
INSERT INTO Blood (Blood_ID, Blood_Type, Donor_SSN, Amount, Donation_Location, Hospital_Sent_To) VALUES ('36481', 'O-', '129448760', '214.10', '45112', '05463');
INSERT INTO Blood (Blood_ID, Blood_Type, Donor_SSN, Amount, Donation_Location, Hospital_Sent_To) VALUES ('36486', 'AB+', '212862684', '114.13', '76402', '03339');
INSERT INTO Blood (Blood_ID, Blood_Type, Donor_SSN, Amount, Donation_Location, Hospital_Sent_To) VALUES ('36504', 'O+', '022982012', '114.53', '09573', '03339');
INSERT INTO Blood (Blood_ID, Blood_Type, Donor_SSN, Amount, Donation_Location, Hospital_Sent_To) VALUES ('36613', 'O-', '092046126', '265.40', '23206', '60357');
INSERT INTO Blood (Blood_ID, Blood_Type, Donor_SSN, Amount, Donation_Location, Hospital_Sent_To) VALUES ('36765', 'AB+', '707677203', '289.99', '76402', '03339');
INSERT INTO Blood (Blood_ID, Blood_Type, Donor_SSN, Amount, Donation_Location, Hospital_Sent_To) VALUES ('36870', 'AB+', '780696180', '443.53', '17966', '90670');
INSERT INTO Blood (Blood_ID, Blood_Type, Donor_SSN, Amount, Donation_Location, Hospital_Sent_To) VALUES ('39047', 'A-', '159839422', '163.89', '61721', '61586');
INSERT INTO Blood (Blood_ID, Blood_Type, Donor_SSN, Amount, Donation_Location, Hospital_Sent_To) VALUES ('39361', 'B-', '193192938', '320.56', '74284', '90670');
INSERT INTO Blood (Blood_ID, Blood_Type, Donor_SSN, Amount, Donation_Location, Hospital_Sent_To) VALUES ('39429', 'A+', '655692499', '273.79', '45112', '05463');
INSERT INTO Blood (Blood_ID, Blood_Type, Donor_SSN, Amount, Donation_Location, Hospital_Sent_To) VALUES ('39464', 'AB+', '802789105', '299.53', '26311', '23977');
INSERT INTO Blood (Blood_ID, Blood_Type, Donor_SSN, Amount, Donation_Location, Hospital_Sent_To) VALUES ('39529', 'AB+', '797398438', '1.67', '24258', '05463');
INSERT INTO Blood (Blood_ID, Blood_Type, Donor_SSN, Amount, Donation_Location, Hospital_Sent_To) VALUES ('40068', 'A+', '653027906', '351.50', '35497', '03339');
INSERT INTO Blood (Blood_ID, Blood_Type, Donor_SSN, Amount, Donation_Location, Hospital_Sent_To) VALUES ('40076', 'A+', '152968497', '236.77', '51825', '55576');
INSERT INTO Blood (Blood_ID, Blood_Type, Donor_SSN, Amount, Donation_Location, Hospital_Sent_To) VALUES ('40405', 'A-', '902910269', '84.27', '74284', '57641');
INSERT INTO Blood (Blood_ID, Blood_Type, Donor_SSN, Amount, Donation_Location, Hospital_Sent_To) VALUES ('40574', 'O-', '361280997', '256.07', '17966', '90670');
INSERT INTO Blood (Blood_ID, Blood_Type, Donor_SSN, Amount, Donation_Location, Hospital_Sent_To) VALUES ('40945', 'O-', '472082815', '96.72', '72958', '55576');
INSERT INTO Blood (Blood_ID, Blood_Type, Donor_SSN, Amount, Donation_Location, Hospital_Sent_To) VALUES ('41524', 'A+', '845192814', '387.48', '47654', '66133');
INSERT INTO Blood (Blood_ID, Blood_Type, Donor_SSN, Amount, Donation_Location, Hospital_Sent_To) VALUES ('41540', 'O-', '408024840', '208.37', '27492', '55576');
INSERT INTO Blood (Blood_ID, Blood_Type, Donor_SSN, Amount, Donation_Location, Hospital_Sent_To) VALUES ('41796', 'AB-', '669190127', '361.57', '51825', '55576');
INSERT INTO Blood (Blood_ID, Blood_Type, Donor_SSN, Amount, Donation_Location, Hospital_Sent_To) VALUES ('41860', 'B+', '914446492', '483.18', '76586', '61586');
INSERT INTO Blood (Blood_ID, Blood_Type, Donor_SSN, Amount, Donation_Location, Hospital_Sent_To) VALUES ('41891', 'B-', '598532005', '14.57', '16189', '55576');
INSERT INTO Blood (Blood_ID, Blood_Type, Donor_SSN, Amount, Donation_Location, Hospital_Sent_To) VALUES ('41937', 'AB-', '804830527', '280.99', '27492', '55576');
INSERT INTO Blood (Blood_ID, Blood_Type, Donor_SSN, Amount, Donation_Location, Hospital_Sent_To) VALUES ('42413', 'A+', '655692499', '489.16', '45112', '05463');
INSERT INTO Blood (Blood_ID, Blood_Type, Donor_SSN, Amount, Donation_Location, Hospital_Sent_To) VALUES ('42729', 'O+', '172251756', '10.31', '70953', '66133');
INSERT INTO Blood (Blood_ID, Blood_Type, Donor_SSN, Amount, Donation_Location, Hospital_Sent_To) VALUES ('43422', 'B-', '845192814', '190.81', '47654', '66133');
INSERT INTO Blood (Blood_ID, Blood_Type, Donor_SSN, Amount, Donation_Location, Hospital_Sent_To) VALUES ('43745', 'A+', '804830527', '265.57', '27492', '55576');
INSERT INTO Blood (Blood_ID, Blood_Type, Donor_SSN, Amount, Donation_Location, Hospital_Sent_To) VALUES ('44102', 'AB+', '679051998', '301.49', '53894', '57641');
INSERT INTO Blood (Blood_ID, Blood_Type, Donor_SSN, Amount, Donation_Location, Hospital_Sent_To) VALUES ('44585', 'O-', '043770560', '49.90', '11821', '05463');
INSERT INTO Blood (Blood_ID, Blood_Type, Donor_SSN, Amount, Donation_Location, Hospital_Sent_To) VALUES ('44782', 'AB+', '562239016', '6.41', '11821', '05463');
INSERT INTO Blood (Blood_ID, Blood_Type, Donor_SSN, Amount, Donation_Location, Hospital_Sent_To) VALUES ('45144', 'O+', '423689638', '364.11', '35497', '60357');
INSERT INTO Blood (Blood_ID, Blood_Type, Donor_SSN, Amount, Donation_Location, Hospital_Sent_To) VALUES ('45207', 'O+', '153147908', '80.14', '53894', '57641');
INSERT INTO Blood (Blood_ID, Blood_Type, Donor_SSN, Amount, Donation_Location, Hospital_Sent_To) VALUES ('45238', 'A+', '622892734', '178.85', '23206', '60357');
INSERT INTO Blood (Blood_ID, Blood_Type, Donor_SSN, Amount, Donation_Location, Hospital_Sent_To) VALUES ('45365', 'A+', '306176451', '481.97', '11821', '61586');
INSERT INTO Blood (Blood_ID, Blood_Type, Donor_SSN, Amount, Donation_Location, Hospital_Sent_To) VALUES ('45534', 'B+', '856905807', '482.93', '51825', '79184');
INSERT INTO Blood (Blood_ID, Blood_Type, Donor_SSN, Amount, Donation_Location, Hospital_Sent_To) VALUES ('45620', 'B-', '457080696', '197.75', '61595', '03339');
INSERT INTO Blood (Blood_ID, Blood_Type, Donor_SSN, Amount, Donation_Location, Hospital_Sent_To) VALUES ('46072', 'A+', '679051998', '73.84', '53894', '57641');
INSERT INTO Blood (Blood_ID, Blood_Type, Donor_SSN, Amount, Donation_Location, Hospital_Sent_To) VALUES ('46109', 'O-', '707677203', '25.45', '76402', '03339');
INSERT INTO Blood (Blood_ID, Blood_Type, Donor_SSN, Amount, Donation_Location, Hospital_Sent_To) VALUES ('46249', 'A+', '111576656', '392.27', '26311', '66133');
INSERT INTO Blood (Blood_ID, Blood_Type, Donor_SSN, Amount, Donation_Location, Hospital_Sent_To) VALUES ('46499', 'A-', '137557218', '297.63', '47654', '23977');
INSERT INTO Blood (Blood_ID, Blood_Type, Donor_SSN, Amount, Donation_Location, Hospital_Sent_To) VALUES ('46684', 'O+', '279621838', '269.42', '77692', '55576');
INSERT INTO Blood (Blood_ID, Blood_Type, Donor_SSN, Amount, Donation_Location, Hospital_Sent_To) VALUES ('46972', 'B+', '717047157', '159.31', '77689', '23977');
INSERT INTO Blood (Blood_ID, Blood_Type, Donor_SSN, Amount, Donation_Location, Hospital_Sent_To) VALUES ('47429', 'B-', '124759249', '204.78', '27492', '79184');
INSERT INTO Blood (Blood_ID, Blood_Type, Donor_SSN, Amount, Donation_Location, Hospital_Sent_To) VALUES ('47543', 'AB-', '352452870', '377.64', '16189', '79184');
INSERT INTO Blood (Blood_ID, Blood_Type, Donor_SSN, Amount, Donation_Location, Hospital_Sent_To) VALUES ('47561', 'B+', '287229926', '339.42', '98558', '57641');
INSERT INTO Blood (Blood_ID, Blood_Type, Donor_SSN, Amount, Donation_Location, Hospital_Sent_To) VALUES ('47652', 'B-', '821749412', '311.10', '35497', '60357');
INSERT INTO Blood (Blood_ID, Blood_Type, Donor_SSN, Amount, Donation_Location, Hospital_Sent_To) VALUES ('47690', 'A-', '129448760', '24.48', '45112', '05463');
INSERT INTO Blood (Blood_ID, Blood_Type, Donor_SSN, Amount, Donation_Location, Hospital_Sent_To) VALUES ('48384', 'O+', '821749412', '346.28', '35497', '60357');
INSERT INTO Blood (Blood_ID, Blood_Type, Donor_SSN, Amount, Donation_Location, Hospital_Sent_To) VALUES ('48401', 'A+', '600805825', '389.20', '17966', '57641');
INSERT INTO Blood (Blood_ID, Blood_Type, Donor_SSN, Amount, Donation_Location, Hospital_Sent_To) VALUES ('48418', 'A-', '520788731', '281.41', '98558', '90670');
INSERT INTO Blood (Blood_ID, Blood_Type, Donor_SSN, Amount, Donation_Location, Hospital_Sent_To) VALUES ('48484', 'O+', '022982012', '4.00', '09573', '03339');
INSERT INTO Blood (Blood_ID, Blood_Type, Donor_SSN, Amount, Donation_Location, Hospital_Sent_To) VALUES ('48586', 'A-', '845192814', '452.07', '47654', '66133');
INSERT INTO Blood (Blood_ID, Blood_Type, Donor_SSN, Amount, Donation_Location, Hospital_Sent_To) VALUES ('49298', 'B+', '802789105', '50.01', '26311', '23977');
INSERT INTO Blood (Blood_ID, Blood_Type, Donor_SSN, Amount, Donation_Location, Hospital_Sent_To) VALUES ('49574', 'AB+', '127584708', '381.93', '34016', '90670');
INSERT INTO Blood (Blood_ID, Blood_Type, Donor_SSN, Amount, Donation_Location, Hospital_Sent_To) VALUES ('49835', 'A-', '927662282', '486.05', '77692', '79184');
INSERT INTO Blood (Blood_ID, Blood_Type, Donor_SSN, Amount, Donation_Location, Hospital_Sent_To) VALUES ('49920', 'AB+', '692520300', '11.95', '72958', '79184');
INSERT INTO Blood (Blood_ID, Blood_Type, Donor_SSN, Amount, Donation_Location, Hospital_Sent_To) VALUES ('50499', 'AB+', '683278540', '176.88', '61595', '60357');
INSERT INTO Blood (Blood_ID, Blood_Type, Donor_SSN, Amount, Donation_Location, Hospital_Sent_To) VALUES ('50921', 'O+', '111576656', '274.34', '26311', '66133');
INSERT INTO Blood (Blood_ID, Blood_Type, Donor_SSN, Amount, Donation_Location, Hospital_Sent_To) VALUES ('51206', 'A-', '653027906', '66.78', '35497', '03339');
INSERT INTO Blood (Blood_ID, Blood_Type, Donor_SSN, Amount, Donation_Location, Hospital_Sent_To) VALUES ('51343', 'O+', '598532005', '86.88', '16189', '55576');
INSERT INTO Blood (Blood_ID, Blood_Type, Donor_SSN, Amount, Donation_Location, Hospital_Sent_To) VALUES ('51784', 'B+', '626639397', '356.27', '24258', '61586');
INSERT INTO Blood (Blood_ID, Blood_Type, Donor_SSN, Amount, Donation_Location, Hospital_Sent_To) VALUES ('52174', 'A+', '683278540', '204.67', '61595', '60357');
INSERT INTO Blood (Blood_ID, Blood_Type, Donor_SSN, Amount, Donation_Location, Hospital_Sent_To) VALUES ('52258', 'AB-', '457080696', '275.40', '61595', '03339');
INSERT INTO Blood (Blood_ID, Blood_Type, Donor_SSN, Amount, Donation_Location, Hospital_Sent_To) VALUES ('52289', 'A+', '480429938', '270.07', '74284', '57641');
INSERT INTO Blood (Blood_ID, Blood_Type, Donor_SSN, Amount, Donation_Location, Hospital_Sent_To) VALUES ('52325', 'O-', '153147908', '309.34', '53894', '57641');
INSERT INTO Blood (Blood_ID, Blood_Type, Donor_SSN, Amount, Donation_Location, Hospital_Sent_To) VALUES ('52330', 'O+', '761273051', '318.39', '11821', '61586');
INSERT INTO Blood (Blood_ID, Blood_Type, Donor_SSN, Amount, Donation_Location, Hospital_Sent_To) VALUES ('52489', 'A-', '489330553', '279.66', '76402', '60357');
INSERT INTO Blood (Blood_ID, Blood_Type, Donor_SSN, Amount, Donation_Location, Hospital_Sent_To) VALUES ('52917', 'B-', '878494763', '300.18', '61721', '05463');
INSERT INTO Blood (Blood_ID, Blood_Type, Donor_SSN, Amount, Donation_Location, Hospital_Sent_To) VALUES ('53060', 'B-', '447102933', '191.34', '51825', '79184');
INSERT INTO Blood (Blood_ID, Blood_Type, Donor_SSN, Amount, Donation_Location, Hospital_Sent_To) VALUES ('53127', 'AB-', '279621838', '75.26', '77692', '55576');
INSERT INTO Blood (Blood_ID, Blood_Type, Donor_SSN, Amount, Donation_Location, Hospital_Sent_To) VALUES ('53470', 'AB-', '862295630', '47.94', '53894', '90670');
INSERT INTO Blood (Blood_ID, Blood_Type, Donor_SSN, Amount, Donation_Location, Hospital_Sent_To) VALUES ('53522', 'B+', '092046126', '114.53', '23206', '60357');
INSERT INTO Blood (Blood_ID, Blood_Type, Donor_SSN, Amount, Donation_Location, Hospital_Sent_To) VALUES ('53605', 'O+', '707677203', '351.50', '76402', '03339');
INSERT INTO Blood (Blood_ID, Blood_Type, Donor_SSN, Amount, Donation_Location, Hospital_Sent_To) VALUES ('53662', 'AB+', '752420794', '14.16', '09573', '60357');
INSERT INTO Blood (Blood_ID, Blood_Type, Donor_SSN, Amount, Donation_Location, Hospital_Sent_To) VALUES ('54030', 'B-', '152968497', '143.23', '51825', '55576');
INSERT INTO Blood (Blood_ID, Blood_Type, Donor_SSN, Amount, Donation_Location, Hospital_Sent_To) VALUES ('54060', 'A+', '431501574', '24.27', '47654', '66133');
INSERT INTO Blood (Blood_ID, Blood_Type, Donor_SSN, Amount, Donation_Location, Hospital_Sent_To) VALUES ('55732', 'B+', '993963741', '402.94', '98558', '90670');
INSERT INTO Blood (Blood_ID, Blood_Type, Donor_SSN, Amount, Donation_Location, Hospital_Sent_To) VALUES ('55846', 'O+', '188933463', '252.97', '72958', '79184');
INSERT INTO Blood (Blood_ID, Blood_Type, Donor_SSN, Amount, Donation_Location, Hospital_Sent_To) VALUES ('56317', 'O-', '250007428', '24.58', '76586', '05463');
INSERT INTO Blood (Blood_ID, Blood_Type, Donor_SSN, Amount, Donation_Location, Hospital_Sent_To) VALUES ('56779', 'AB+', '622892734', '83.38', '23206', '60357');
INSERT INTO Blood (Blood_ID, Blood_Type, Donor_SSN, Amount, Donation_Location, Hospital_Sent_To) VALUES ('57237', 'O-', '796881404', '333.48', '23206', '03339');
INSERT INTO Blood (Blood_ID, Blood_Type, Donor_SSN, Amount, Donation_Location, Hospital_Sent_To) VALUES ('57883', 'AB-', '129448760', '285.79', '45112', '05463');
INSERT INTO Blood (Blood_ID, Blood_Type, Donor_SSN, Amount, Donation_Location, Hospital_Sent_To) VALUES ('57893', 'AB-', '489330553', '460.44', '76402', '60357');
INSERT INTO Blood (Blood_ID, Blood_Type, Donor_SSN, Amount, Donation_Location, Hospital_Sent_To) VALUES ('58146', 'AB-', '900164986', '172.76', '72958', '55576');
INSERT INTO Blood (Blood_ID, Blood_Type, Donor_SSN, Amount, Donation_Location, Hospital_Sent_To) VALUES ('58216', 'O-', '124759249', '5.28', '27492', '79184');
INSERT INTO Blood (Blood_ID, Blood_Type, Donor_SSN, Amount, Donation_Location, Hospital_Sent_To) VALUES ('58400', 'O+', '096654613', '215.84', '24258', '61586');
INSERT INTO Blood (Blood_ID, Blood_Type, Donor_SSN, Amount, Donation_Location, Hospital_Sent_To) VALUES ('58673', 'A-', '480429938', '213.54', '74284', '57641');
INSERT INTO Blood (Blood_ID, Blood_Type, Donor_SSN, Amount, Donation_Location, Hospital_Sent_To) VALUES ('58783', 'AB-', '582640752', '149.49', '15121', '23977');
INSERT INTO Blood (Blood_ID, Blood_Type, Donor_SSN, Amount, Donation_Location, Hospital_Sent_To) VALUES ('59146', 'A+', '761273051', '478.55', '11821', '61586');
INSERT INTO Blood (Blood_ID, Blood_Type, Donor_SSN, Amount, Donation_Location, Hospital_Sent_To) VALUES ('59249', 'AB+', '124759249', '335.20', '27492', '79184');
INSERT INTO Blood (Blood_ID, Blood_Type, Donor_SSN, Amount, Donation_Location, Hospital_Sent_To) VALUES ('59303', 'AB+', '845192814', '331.42', '47654', '66133');
INSERT INTO Blood (Blood_ID, Blood_Type, Donor_SSN, Amount, Donation_Location, Hospital_Sent_To) VALUES ('59460', 'O+', '622892734', '52.10', '23206', '60357');
INSERT INTO Blood (Blood_ID, Blood_Type, Donor_SSN, Amount, Donation_Location, Hospital_Sent_To) VALUES ('59528', 'B-', '748282196', '169.34', '98558', '57641');
INSERT INTO Blood (Blood_ID, Blood_Type, Donor_SSN, Amount, Donation_Location, Hospital_Sent_To) VALUES ('59644', 'A-', '342649671', '330.94', '15121', '66133');
INSERT INTO Blood (Blood_ID, Blood_Type, Donor_SSN, Amount, Donation_Location, Hospital_Sent_To) VALUES ('59805', 'B+', '152968497', '278.43', '51825', '55576');
INSERT INTO Blood (Blood_ID, Blood_Type, Donor_SSN, Amount, Donation_Location, Hospital_Sent_To) VALUES ('59813', 'AB-', '450446500', '473.28', '53894', '90670');
INSERT INTO Blood (Blood_ID, Blood_Type, Donor_SSN, Amount, Donation_Location, Hospital_Sent_To) VALUES ('59956', 'AB+', '277228674', '59.28', '77689', '23977');
INSERT INTO Blood (Blood_ID, Blood_Type, Donor_SSN, Amount, Donation_Location, Hospital_Sent_To) VALUES ('60302', 'AB+', '796881404', '234.79', '23206', '03339');
INSERT INTO Blood (Blood_ID, Blood_Type, Donor_SSN, Amount, Donation_Location, Hospital_Sent_To) VALUES ('60402', 'AB-', '717047157', '227.08', '77689', '23977');
INSERT INTO Blood (Blood_ID, Blood_Type, Donor_SSN, Amount, Donation_Location, Hospital_Sent_To) VALUES ('60643', 'B-', '892858148', '292.60', '70953', '23977');
INSERT INTO Blood (Blood_ID, Blood_Type, Donor_SSN, Amount, Donation_Location, Hospital_Sent_To) VALUES ('60712', 'B-', '387153208', '444.81', '24258', '05463');
INSERT INTO Blood (Blood_ID, Blood_Type, Donor_SSN, Amount, Donation_Location, Hospital_Sent_To) VALUES ('61123', 'B+', '665791826', '412.51', '47654', '23977');
INSERT INTO Blood (Blood_ID, Blood_Type, Donor_SSN, Amount, Donation_Location, Hospital_Sent_To) VALUES ('61179', 'A-', '630506185', '79.79', '27492', '79184');
INSERT INTO Blood (Blood_ID, Blood_Type, Donor_SSN, Amount, Donation_Location, Hospital_Sent_To) VALUES ('61482', 'O-', '111576656', '457.35', '26311', '66133');
INSERT INTO Blood (Blood_ID, Blood_Type, Donor_SSN, Amount, Donation_Location, Hospital_Sent_To) VALUES ('61704', 'B+', '047397668', '129.91', '16189', '55576');
INSERT INTO Blood (Blood_ID, Blood_Type, Donor_SSN, Amount, Donation_Location, Hospital_Sent_To) VALUES ('61823', 'A-', '472082815', '284.44', '72958', '55576');
INSERT INTO Blood (Blood_ID, Blood_Type, Donor_SSN, Amount, Donation_Location, Hospital_Sent_To) VALUES ('61996', 'A+', '427182720', '166.49', '45112', '61586');
INSERT INTO Blood (Blood_ID, Blood_Type, Donor_SSN, Amount, Donation_Location, Hospital_Sent_To) VALUES ('62292', 'B-', '821749412', '35.18', '35497', '60357');
INSERT INTO Blood (Blood_ID, Blood_Type, Donor_SSN, Amount, Donation_Location, Hospital_Sent_To) VALUES ('62382', 'A-', '870398959', '90.06', '61595', '03339');
INSERT INTO Blood (Blood_ID, Blood_Type, Donor_SSN, Amount, Donation_Location, Hospital_Sent_To) VALUES ('62393', 'O-', '717047157', '112.68', '77689', '23977');
INSERT INTO Blood (Blood_ID, Blood_Type, Donor_SSN, Amount, Donation_Location, Hospital_Sent_To) VALUES ('62406', 'A-', '892858148', '468.02', '70953', '23977');
INSERT INTO Blood (Blood_ID, Blood_Type, Donor_SSN, Amount, Donation_Location, Hospital_Sent_To) VALUES ('62468', 'B+', '450446500', '427.91', '53894', '90670');
INSERT INTO Blood (Blood_ID, Blood_Type, Donor_SSN, Amount, Donation_Location, Hospital_Sent_To) VALUES ('62518', 'AB-', '804830527', '324.75', '27492', '55576');
INSERT INTO Blood (Blood_ID, Blood_Type, Donor_SSN, Amount, Donation_Location, Hospital_Sent_To) VALUES ('62645', 'O-', '172251756', '218.21', '70953', '66133');
INSERT INTO Blood (Blood_ID, Blood_Type, Donor_SSN, Amount, Donation_Location, Hospital_Sent_To) VALUES ('62652', 'A+', '080818060', '223.16', '17966', '57641');
INSERT INTO Blood (Blood_ID, Blood_Type, Donor_SSN, Amount, Donation_Location, Hospital_Sent_To) VALUES ('62747', 'B+', '652986022', '409.12', '34016', '90670');
INSERT INTO Blood (Blood_ID, Blood_Type, Donor_SSN, Amount, Donation_Location, Hospital_Sent_To) VALUES ('63284', 'AB-', '472082815', '312.57', '72958', '55576');
INSERT INTO Blood (Blood_ID, Blood_Type, Donor_SSN, Amount, Donation_Location, Hospital_Sent_To) VALUES ('63550', 'AB-', '752420794', '350.35', '09573', '60357');
INSERT INTO Blood (Blood_ID, Blood_Type, Donor_SSN, Amount, Donation_Location, Hospital_Sent_To) VALUES ('63709', 'O-', '695571749', '147.38', '74284', '90670');
INSERT INTO Blood (Blood_ID, Blood_Type, Donor_SSN, Amount, Donation_Location, Hospital_Sent_To) VALUES ('64194', 'A-', '431501574', '45.96', '47654', '66133');
INSERT INTO Blood (Blood_ID, Blood_Type, Donor_SSN, Amount, Donation_Location, Hospital_Sent_To) VALUES ('64382', 'A+', '080818060', '467.46', '17966', '57641');
INSERT INTO Blood (Blood_ID, Blood_Type, Donor_SSN, Amount, Donation_Location, Hospital_Sent_To) VALUES ('64501', 'B+', '407938910', '324.53', '26311', '23977');
INSERT INTO Blood (Blood_ID, Blood_Type, Donor_SSN, Amount, Donation_Location, Hospital_Sent_To) VALUES ('64677', 'O+', '626639397', '244.38', '24258', '61586');
INSERT INTO Blood (Blood_ID, Blood_Type, Donor_SSN, Amount, Donation_Location, Hospital_Sent_To) VALUES ('64753', 'AB+', '489330553', '135.26', '76402', '60357');
INSERT INTO Blood (Blood_ID, Blood_Type, Donor_SSN, Amount, Donation_Location, Hospital_Sent_To) VALUES ('65085', 'O-', '188933463', '260.67', '72958', '79184');
INSERT INTO Blood (Blood_ID, Blood_Type, Donor_SSN, Amount, Donation_Location, Hospital_Sent_To) VALUES ('65265', 'O+', '598532005', '89.67', '16189', '55576');
INSERT INTO Blood (Blood_ID, Blood_Type, Donor_SSN, Amount, Donation_Location, Hospital_Sent_To) VALUES ('65652', 'B+', '626639397', '419.27', '24258', '61586');
INSERT INTO Blood (Blood_ID, Blood_Type, Donor_SSN, Amount, Donation_Location, Hospital_Sent_To) VALUES ('65748', 'AB+', '902910269', '155.90', '74284', '57641');
INSERT INTO Blood (Blood_ID, Blood_Type, Donor_SSN, Amount, Donation_Location, Hospital_Sent_To) VALUES ('65809', 'AB-', '128852007', '151.81', '35497', '03339');
INSERT INTO Blood (Blood_ID, Blood_Type, Donor_SSN, Amount, Donation_Location, Hospital_Sent_To) VALUES ('66090', 'O-', '582640752', '239.30', '15121', '23977');
INSERT INTO Blood (Blood_ID, Blood_Type, Donor_SSN, Amount, Donation_Location, Hospital_Sent_To) VALUES ('66224', 'O+', '193192938', '193.76', '74284', '90670');
INSERT INTO Blood (Blood_ID, Blood_Type, Donor_SSN, Amount, Donation_Location, Hospital_Sent_To) VALUES ('66430', 'AB-', '044667035', '302.24', '15121', '23977');
INSERT INTO Blood (Blood_ID, Blood_Type, Donor_SSN, Amount, Donation_Location, Hospital_Sent_To) VALUES ('66462', 'AB-', '779721350', '299.49', '15121', '66133');
INSERT INTO Blood (Blood_ID, Blood_Type, Donor_SSN, Amount, Donation_Location, Hospital_Sent_To) VALUES ('66575', 'B-', '361280997', '60.30', '17966', '90670');
INSERT INTO Blood (Blood_ID, Blood_Type, Donor_SSN, Amount, Donation_Location, Hospital_Sent_To) VALUES ('66893', 'B+', '715979674', '290.77', '76586', '05463');
INSERT INTO Blood (Blood_ID, Blood_Type, Donor_SSN, Amount, Donation_Location, Hospital_Sent_To) VALUES ('66927', 'O+', '047397668', '3.08', '16189', '55576');
INSERT INTO Blood (Blood_ID, Blood_Type, Donor_SSN, Amount, Donation_Location, Hospital_Sent_To) VALUES ('67120', 'B-', '715979674', '312.33', '76586', '05463');
INSERT INTO Blood (Blood_ID, Blood_Type, Donor_SSN, Amount, Donation_Location, Hospital_Sent_To) VALUES ('67243', 'B-', '153147908', '85.94', '53894', '57641');
INSERT INTO Blood (Blood_ID, Blood_Type, Donor_SSN, Amount, Donation_Location, Hospital_Sent_To) VALUES ('67247', 'A-', '212862684', '397.51', '76402', '03339');
INSERT INTO Blood (Blood_ID, Blood_Type, Donor_SSN, Amount, Donation_Location, Hospital_Sent_To) VALUES ('67851', 'B+', '628623592', '292.31', '26311', '66133');
INSERT INTO Blood (Blood_ID, Blood_Type, Donor_SSN, Amount, Donation_Location, Hospital_Sent_To) VALUES ('67883', 'O-', '096654613', '109.96', '24258', '61586');
INSERT INTO Blood (Blood_ID, Blood_Type, Donor_SSN, Amount, Donation_Location, Hospital_Sent_To) VALUES ('67996', 'AB-', '154631858', '415.41', '61595', '60357');
INSERT INTO Blood (Blood_ID, Blood_Type, Donor_SSN, Amount, Donation_Location, Hospital_Sent_To) VALUES ('68330', 'AB+', '914446492', '441.54', '76586', '61586');
INSERT INTO Blood (Blood_ID, Blood_Type, Donor_SSN, Amount, Donation_Location, Hospital_Sent_To) VALUES ('68380', 'B+', '277228674', '336.73', '77689', '23977');
INSERT INTO Blood (Blood_ID, Blood_Type, Donor_SSN, Amount, Donation_Location, Hospital_Sent_To) VALUES ('68598', 'A-', '371874742', '162.33', '23206', '03339');
INSERT INTO Blood (Blood_ID, Blood_Type, Donor_SSN, Amount, Donation_Location, Hospital_Sent_To) VALUES ('68937', 'AB-', '686103966', '444.42', '61721', '61586');
INSERT INTO Blood (Blood_ID, Blood_Type, Donor_SSN, Amount, Donation_Location, Hospital_Sent_To) VALUES ('69127', 'O+', '695571749', '473.72', '74284', '90670');
INSERT INTO Blood (Blood_ID, Blood_Type, Donor_SSN, Amount, Donation_Location, Hospital_Sent_To) VALUES ('69393', 'O+', '387153208', '456.11', '24258', '05463');
INSERT INTO Blood (Blood_ID, Blood_Type, Donor_SSN, Amount, Donation_Location, Hospital_Sent_To) VALUES ('69425', 'B+', '287229926', '245.39', '98558', '57641');
INSERT INTO Blood (Blood_ID, Blood_Type, Donor_SSN, Amount, Donation_Location, Hospital_Sent_To) VALUES ('69450', 'AB+', '193192938', '157.40', '74284', '90670');
INSERT INTO Blood (Blood_ID, Blood_Type, Donor_SSN, Amount, Donation_Location, Hospital_Sent_To) VALUES ('69613', 'AB+', '669190127', '246.67', '51825', '55576');
INSERT INTO Blood (Blood_ID, Blood_Type, Donor_SSN, Amount, Donation_Location, Hospital_Sent_To) VALUES ('69632', 'AB-', '423689638', '497.49', '35497', '60357');
INSERT INTO Blood (Blood_ID, Blood_Type, Donor_SSN, Amount, Donation_Location, Hospital_Sent_To) VALUES ('69849', 'B-', '779721350', '216.05', '15121', '66133');
INSERT INTO Blood (Blood_ID, Blood_Type, Donor_SSN, Amount, Donation_Location, Hospital_Sent_To) VALUES ('69887', 'A+', '172251756', '311.19', '70953', '66133');
INSERT INTO Blood (Blood_ID, Blood_Type, Donor_SSN, Amount, Donation_Location, Hospital_Sent_To) VALUES ('69993', 'AB-', '582640752', '488.43', '15121', '23977');
INSERT INTO Blood (Blood_ID, Blood_Type, Donor_SSN, Amount, Donation_Location, Hospital_Sent_To) VALUES ('70000', 'B+', '043770560', '353.75', '11821', '05463');
INSERT INTO Blood (Blood_ID, Blood_Type, Donor_SSN, Amount, Donation_Location, Hospital_Sent_To) VALUES ('70113', 'A-', '212862684', '257.44', '76402', '03339');
INSERT INTO Blood (Blood_ID, Blood_Type, Donor_SSN, Amount, Donation_Location, Hospital_Sent_To) VALUES ('70226', 'AB+', '408024840', '139.66', '27492', '55576');
INSERT INTO Blood (Blood_ID, Blood_Type, Donor_SSN, Amount, Donation_Location, Hospital_Sent_To) VALUES ('70800', 'B-', '501622759', '411.79', '76586', '61586');
INSERT INTO Blood (Blood_ID, Blood_Type, Donor_SSN, Amount, Donation_Location, Hospital_Sent_To) VALUES ('71033', 'B-', '387153208', '121.15', '24258', '05463');
INSERT INTO Blood (Blood_ID, Blood_Type, Donor_SSN, Amount, Donation_Location, Hospital_Sent_To) VALUES ('71048', 'AB-', '022982012', '444.15', '09573', '03339');
INSERT INTO Blood (Blood_ID, Blood_Type, Donor_SSN, Amount, Donation_Location, Hospital_Sent_To) VALUES ('71357', 'A+', '127584708', '284.07', '34016', '90670');
INSERT INTO Blood (Blood_ID, Blood_Type, Donor_SSN, Amount, Donation_Location, Hospital_Sent_To) VALUES ('71397', 'AB+', '128852007', '60.53', '35497', '03339');
INSERT INTO Blood (Blood_ID, Blood_Type, Donor_SSN, Amount, Donation_Location, Hospital_Sent_To) VALUES ('71510', 'B-', '804830527', '8.23', '27492', '55576');
INSERT INTO Blood (Blood_ID, Blood_Type, Donor_SSN, Amount, Donation_Location, Hospital_Sent_To) VALUES ('71534', 'A+', '780696180', '239.57', '17966', '90670');
INSERT INTO Blood (Blood_ID, Blood_Type, Donor_SSN, Amount, Donation_Location, Hospital_Sent_To) VALUES ('71961', 'A-', '540019636', '165.49', '09573', '03339');
INSERT INTO Blood (Blood_ID, Blood_Type, Donor_SSN, Amount, Donation_Location, Hospital_Sent_To) VALUES ('72043', 'AB+', '856905807', '129.20', '51825', '79184');
INSERT INTO Blood (Blood_ID, Blood_Type, Donor_SSN, Amount, Donation_Location, Hospital_Sent_To) VALUES ('72728', 'B-', '447102933', '334.27', '51825', '79184');
INSERT INTO Blood (Blood_ID, Blood_Type, Donor_SSN, Amount, Donation_Location, Hospital_Sent_To) VALUES ('72874', 'AB+', '600805825', '309.93', '17966', '57641');
INSERT INTO Blood (Blood_ID, Blood_Type, Donor_SSN, Amount, Donation_Location, Hospital_Sent_To) VALUES ('72938', 'B+', '653027906', '232.95', '35497', '03339');
INSERT INTO Blood (Blood_ID, Blood_Type, Donor_SSN, Amount, Donation_Location, Hospital_Sent_To) VALUES ('73292', 'AB-', '047397668', '57.02', '16189', '55576');
INSERT INTO Blood (Blood_ID, Blood_Type, Donor_SSN, Amount, Donation_Location, Hospital_Sent_To) VALUES ('73386', 'O-', '691554792', '169.01', '70953', '66133');
INSERT INTO Blood (Blood_ID, Blood_Type, Donor_SSN, Amount, Donation_Location, Hospital_Sent_To) VALUES ('73535', 'AB+', '361280997', '424.28', '17966', '90670');
INSERT INTO Blood (Blood_ID, Blood_Type, Donor_SSN, Amount, Donation_Location, Hospital_Sent_To) VALUES ('73575', 'AB-', '821749412', '421.62', '35497', '60357');
INSERT INTO Blood (Blood_ID, Blood_Type, Donor_SSN, Amount, Donation_Location, Hospital_Sent_To) VALUES ('73593', 'A-', '447102933', '46.12', '51825', '79184');
INSERT INTO Blood (Blood_ID, Blood_Type, Donor_SSN, Amount, Donation_Location, Hospital_Sent_To) VALUES ('73680', 'B-', '407938910', '485.99', '26311', '23977');
INSERT INTO Blood (Blood_ID, Blood_Type, Donor_SSN, Amount, Donation_Location, Hospital_Sent_To) VALUES ('73695', 'B+', '371874742', '3.61', '23206', '03339');
INSERT INTO Blood (Blood_ID, Blood_Type, Donor_SSN, Amount, Donation_Location, Hospital_Sent_To) VALUES ('74541', 'B-', '501622759', '205.69', '76586', '61586');
INSERT INTO Blood (Blood_ID, Blood_Type, Donor_SSN, Amount, Donation_Location, Hospital_Sent_To) VALUES ('74610', 'A+', '540019636', '414.43', '09573', '03339');
INSERT INTO Blood (Blood_ID, Blood_Type, Donor_SSN, Amount, Donation_Location, Hospital_Sent_To) VALUES ('74714', 'A-', '501622759', '220.66', '76586', '61586');
INSERT INTO Blood (Blood_ID, Blood_Type, Donor_SSN, Amount, Donation_Location, Hospital_Sent_To) VALUES ('74776', 'O+', '683278540', '38.52', '61595', '60357');
INSERT INTO Blood (Blood_ID, Blood_Type, Donor_SSN, Amount, Donation_Location, Hospital_Sent_To) VALUES ('74800', 'O+', '878494763', '77.18', '61721', '05463');
INSERT INTO Blood (Blood_ID, Blood_Type, Donor_SSN, Amount, Donation_Location, Hospital_Sent_To) VALUES ('74863', 'B-', '387153208', '87.43', '24258', '05463');
INSERT INTO Blood (Blood_ID, Blood_Type, Donor_SSN, Amount, Donation_Location, Hospital_Sent_To) VALUES ('74913', 'A-', '598532005', '355.61', '16189', '55576');
INSERT INTO Blood (Blood_ID, Blood_Type, Donor_SSN, Amount, Donation_Location, Hospital_Sent_To) VALUES ('74914', 'AB+', '044667035', '168.38', '15121', '23977');
INSERT INTO Blood (Blood_ID, Blood_Type, Donor_SSN, Amount, Donation_Location, Hospital_Sent_To) VALUES ('75115', 'A+', '306176451', '40.39', '11821', '61586');
INSERT INTO Blood (Blood_ID, Blood_Type, Donor_SSN, Amount, Donation_Location, Hospital_Sent_To) VALUES ('75356', 'B+', '916017030', '313.15', '77689', '66133');
INSERT INTO Blood (Blood_ID, Blood_Type, Donor_SSN, Amount, Donation_Location, Hospital_Sent_To) VALUES ('75409', 'B+', '797398438', '397.06', '24258', '05463');
INSERT INTO Blood (Blood_ID, Blood_Type, Donor_SSN, Amount, Donation_Location, Hospital_Sent_To) VALUES ('75627', 'B+', '679051998', '85.67', '53894', '57641');
INSERT INTO Blood (Blood_ID, Blood_Type, Donor_SSN, Amount, Donation_Location, Hospital_Sent_To) VALUES ('75961', 'A+', '342649671', '363.61', '15121', '66133');
INSERT INTO Blood (Blood_ID, Blood_Type, Donor_SSN, Amount, Donation_Location, Hospital_Sent_To) VALUES ('76440', 'O-', '153147908', '170.90', '53894', '57641');
INSERT INTO Blood (Blood_ID, Blood_Type, Donor_SSN, Amount, Donation_Location, Hospital_Sent_To) VALUES ('76455', 'O+', '111576656', '224.73', '26311', '66133');
INSERT INTO Blood (Blood_ID, Blood_Type, Donor_SSN, Amount, Donation_Location, Hospital_Sent_To) VALUES ('76586', 'AB-', '692520300', '241.99', '72958', '79184');
INSERT INTO Blood (Blood_ID, Blood_Type, Donor_SSN, Amount, Donation_Location, Hospital_Sent_To) VALUES ('76652', 'AB+', '431501574', '415.75', '47654', '66133');
INSERT INTO Blood (Blood_ID, Blood_Type, Donor_SSN, Amount, Donation_Location, Hospital_Sent_To) VALUES ('76843', 'O-', '912939727', '75.20', '76402', '60357');
INSERT INTO Blood (Blood_ID, Blood_Type, Donor_SSN, Amount, Donation_Location, Hospital_Sent_To) VALUES ('77551', 'B-', '408355649', '323.77', '34016', '57641');
INSERT INTO Blood (Blood_ID, Blood_Type, Donor_SSN, Amount, Donation_Location, Hospital_Sent_To) VALUES ('77635', 'AB+', '780235693', '69.84', '16189', '79184');
INSERT INTO Blood (Blood_ID, Blood_Type, Donor_SSN, Amount, Donation_Location, Hospital_Sent_To) VALUES ('77820', 'A-', '628623592', '99.08', '26311', '66133');
INSERT INTO Blood (Blood_ID, Blood_Type, Donor_SSN, Amount, Donation_Location, Hospital_Sent_To) VALUES ('78111', 'O-', '408355649', '364.88', '34016', '57641');
INSERT INTO Blood (Blood_ID, Blood_Type, Donor_SSN, Amount, Donation_Location, Hospital_Sent_To) VALUES ('78166', 'AB+', '540019636', '487.16', '09573', '03339');
INSERT INTO Blood (Blood_ID, Blood_Type, Donor_SSN, Amount, Donation_Location, Hospital_Sent_To) VALUES ('78520', 'AB-', '462078780', '471.62', '70953', '23977');
INSERT INTO Blood (Blood_ID, Blood_Type, Donor_SSN, Amount, Donation_Location, Hospital_Sent_To) VALUES ('78547', 'A-', '515185244', '403.99', '77689', '66133');
INSERT INTO Blood (Blood_ID, Blood_Type, Donor_SSN, Amount, Donation_Location, Hospital_Sent_To) VALUES ('78633', 'O+', '124759249', '54.28', '27492', '79184');
INSERT INTO Blood (Blood_ID, Blood_Type, Donor_SSN, Amount, Donation_Location, Hospital_Sent_To) VALUES ('78883', 'A+', '927662282', '233.75', '77692', '79184');
INSERT INTO Blood (Blood_ID, Blood_Type, Donor_SSN, Amount, Donation_Location, Hospital_Sent_To) VALUES ('79249', 'O-', '193192938', '480.48', '74284', '90670');
INSERT INTO Blood (Blood_ID, Blood_Type, Donor_SSN, Amount, Donation_Location, Hospital_Sent_To) VALUES ('79507', 'AB-', '501622759', '42.07', '76586', '61586');
INSERT INTO Blood (Blood_ID, Blood_Type, Donor_SSN, Amount, Donation_Location, Hospital_Sent_To) VALUES ('79619', 'AB-', '297058621', '268.71', '09573', '60357');
INSERT INTO Blood (Blood_ID, Blood_Type, Donor_SSN, Amount, Donation_Location, Hospital_Sent_To) VALUES ('80050', 'B-', '159839422', '432.00', '61721', '61586');
INSERT INTO Blood (Blood_ID, Blood_Type, Donor_SSN, Amount, Donation_Location, Hospital_Sent_To) VALUES ('80237', 'AB-', '212862684', '187.06', '76402', '03339');
INSERT INTO Blood (Blood_ID, Blood_Type, Donor_SSN, Amount, Donation_Location, Hospital_Sent_To) VALUES ('80587', 'B+', '127584708', '467.66', '34016', '90670');
INSERT INTO Blood (Blood_ID, Blood_Type, Donor_SSN, Amount, Donation_Location, Hospital_Sent_To) VALUES ('80777', 'AB+', '043770560', '92.76', '11821', '05463');
INSERT INTO Blood (Blood_ID, Blood_Type, Donor_SSN, Amount, Donation_Location, Hospital_Sent_To) VALUES ('81066', 'AB-', '691554792', '103.63', '70953', '66133');
INSERT INTO Blood (Blood_ID, Blood_Type, Donor_SSN, Amount, Donation_Location, Hospital_Sent_To) VALUES ('81384', 'A+', '457080696', '72.52', '61595', '03339');
INSERT INTO Blood (Blood_ID, Blood_Type, Donor_SSN, Amount, Donation_Location, Hospital_Sent_To) VALUES ('81453', 'O-', '408024840', '10.67', '27492', '55576');
INSERT INTO Blood (Blood_ID, Blood_Type, Donor_SSN, Amount, Donation_Location, Hospital_Sent_To) VALUES ('81561', 'B-', '669190127', '164.61', '51825', '55576');
INSERT INTO Blood (Blood_ID, Blood_Type, Donor_SSN, Amount, Donation_Location, Hospital_Sent_To) VALUES ('81722', 'B-', '540019636', '416.32', '09573', '03339');
INSERT INTO Blood (Blood_ID, Blood_Type, Donor_SSN, Amount, Donation_Location, Hospital_Sent_To) VALUES ('81783', 'A-', '780235693', '248.49', '16189', '79184');
INSERT INTO Blood (Blood_ID, Blood_Type, Donor_SSN, Amount, Donation_Location, Hospital_Sent_To) VALUES ('81823', 'AB-', '780235693', '228.62', '16189', '79184');
INSERT INTO Blood (Blood_ID, Blood_Type, Donor_SSN, Amount, Donation_Location, Hospital_Sent_To) VALUES ('81930', 'O-', '845192814', '443.74', '47654', '66133');
INSERT INTO Blood (Blood_ID, Blood_Type, Donor_SSN, Amount, Donation_Location, Hospital_Sent_To) VALUES ('81950', 'O+', '600805825', '47.30', '17966', '57641');
INSERT INTO Blood (Blood_ID, Blood_Type, Donor_SSN, Amount, Donation_Location, Hospital_Sent_To) VALUES ('81973', 'O+', '993963741', '213.34', '98558', '90670');
INSERT INTO Blood (Blood_ID, Blood_Type, Donor_SSN, Amount, Donation_Location, Hospital_Sent_To) VALUES ('81980', 'B+', '044667035', '143.65', '15121', '23977');
INSERT INTO Blood (Blood_ID, Blood_Type, Donor_SSN, Amount, Donation_Location, Hospital_Sent_To) VALUES ('82266', 'O-', '797398438', '63.90', '24258', '05463');
INSERT INTO Blood (Blood_ID, Blood_Type, Donor_SSN, Amount, Donation_Location, Hospital_Sent_To) VALUES ('82743', 'O+', '306176451', '429.30', '11821', '61586');
INSERT INTO Blood (Blood_ID, Blood_Type, Donor_SSN, Amount, Donation_Location, Hospital_Sent_To) VALUES ('82792', 'B-', '582640752', '379.39', '15121', '23977');
INSERT INTO Blood (Blood_ID, Blood_Type, Donor_SSN, Amount, Donation_Location, Hospital_Sent_To) VALUES ('82971', 'A-', '691554792', '170.37', '70953', '66133');
INSERT INTO Blood (Blood_ID, Blood_Type, Donor_SSN, Amount, Donation_Location, Hospital_Sent_To) VALUES ('82997', 'O-', '878494763', '64.46', '61721', '05463');
INSERT INTO Blood (Blood_ID, Blood_Type, Donor_SSN, Amount, Donation_Location, Hospital_Sent_To) VALUES ('83110', 'O+', '480429938', '285.93', '74284', '57641');
INSERT INTO Blood (Blood_ID, Blood_Type, Donor_SSN, Amount, Donation_Location, Hospital_Sent_To) VALUES ('83116', 'AB-', '804830527', '263.55', '27492', '55576');
INSERT INTO Blood (Blood_ID, Blood_Type, Donor_SSN, Amount, Donation_Location, Hospital_Sent_To) VALUES ('83194', 'A-', '912939727', '138.03', '76402', '60357');
INSERT INTO Blood (Blood_ID, Blood_Type, Donor_SSN, Amount, Donation_Location, Hospital_Sent_To) VALUES ('84001', 'B-', '371874742', '294.87', '23206', '03339');
INSERT INTO Blood (Blood_ID, Blood_Type, Donor_SSN, Amount, Donation_Location, Hospital_Sent_To) VALUES ('84120', 'AB-', '154631858', '436.51', '61595', '60357');
INSERT INTO Blood (Blood_ID, Blood_Type, Donor_SSN, Amount, Donation_Location, Hospital_Sent_To) VALUES ('84404', 'O-', '780696180', '421.35', '17966', '90670');
INSERT INTO Blood (Blood_ID, Blood_Type, Donor_SSN, Amount, Donation_Location, Hospital_Sent_To) VALUES ('85051', 'AB-', '665791826', '200.39', '47654', '23977');
INSERT INTO Blood (Blood_ID, Blood_Type, Donor_SSN, Amount, Donation_Location, Hospital_Sent_To) VALUES ('85292', 'B+', '457080696', '151.04', '61595', '03339');
INSERT INTO Blood (Blood_ID, Blood_Type, Donor_SSN, Amount, Donation_Location, Hospital_Sent_To) VALUES ('85296', 'O+', '752420794', '79.51', '09573', '60357');
INSERT INTO Blood (Blood_ID, Blood_Type, Donor_SSN, Amount, Donation_Location, Hospital_Sent_To) VALUES ('85336', 'B-', '748282196', '397.17', '98558', '57641');
INSERT INTO Blood (Blood_ID, Blood_Type, Donor_SSN, Amount, Donation_Location, Hospital_Sent_To) VALUES ('85865', 'A-', '993963741', '167.33', '98558', '90670');
INSERT INTO Blood (Blood_ID, Blood_Type, Donor_SSN, Amount, Donation_Location, Hospital_Sent_To) VALUES ('85985', 'A-', '352452870', '451.85', '16189', '79184');
INSERT INTO Blood (Blood_ID, Blood_Type, Donor_SSN, Amount, Donation_Location, Hospital_Sent_To) VALUES ('86010', 'B-', '459018712', '259.69', '61721', '05463');
INSERT INTO Blood (Blood_ID, Blood_Type, Donor_SSN, Amount, Donation_Location, Hospital_Sent_To) VALUES ('86083', 'A+', '600805825', '22.63', '17966', '57641');
INSERT INTO Blood (Blood_ID, Blood_Type, Donor_SSN, Amount, Donation_Location, Hospital_Sent_To) VALUES ('86108', 'B+', '459018712', '154.15', '61721', '05463');
INSERT INTO Blood (Blood_ID, Blood_Type, Donor_SSN, Amount, Donation_Location, Hospital_Sent_To) VALUES ('86293', 'B-', '779721350', '490.82', '15121', '66133');
INSERT INTO Blood (Blood_ID, Blood_Type, Donor_SSN, Amount, Donation_Location, Hospital_Sent_To) VALUES ('86420', 'O+', '653027906', '462.46', '35497', '03339');
INSERT INTO Blood (Blood_ID, Blood_Type, Donor_SSN, Amount, Donation_Location, Hospital_Sent_To) VALUES ('86456', 'B+', '459018712', '163.43', '61721', '05463');
INSERT INTO Blood (Blood_ID, Blood_Type, Donor_SSN, Amount, Donation_Location, Hospital_Sent_To) VALUES ('86703', 'AB+', '022982012', '250.06', '09573', '03339');
INSERT INTO Blood (Blood_ID, Blood_Type, Donor_SSN, Amount, Donation_Location, Hospital_Sent_To) VALUES ('86936', 'A+', '892858148', '261.76', '70953', '23977');
INSERT INTO Blood (Blood_ID, Blood_Type, Donor_SSN, Amount, Donation_Location, Hospital_Sent_To) VALUES ('87068', 'B-', '450446500', '444.00', '53894', '90670');
INSERT INTO Blood (Blood_ID, Blood_Type, Donor_SSN, Amount, Donation_Location, Hospital_Sent_To) VALUES ('87185', 'O+', '796881404', '112.42', '23206', '03339');
INSERT INTO Blood (Blood_ID, Blood_Type, Donor_SSN, Amount, Donation_Location, Hospital_Sent_To) VALUES ('87407', 'B+', '916017030', '151.14', '77689', '66133');
INSERT INTO Blood (Blood_ID, Blood_Type, Donor_SSN, Amount, Donation_Location, Hospital_Sent_To) VALUES ('87490', 'A-', '342649671', '407.48', '15121', '66133');
INSERT INTO Blood (Blood_ID, Blood_Type, Donor_SSN, Amount, Donation_Location, Hospital_Sent_To) VALUES ('87538', 'AB+', '043770560', '126.84', '11821', '05463');
INSERT INTO Blood (Blood_ID, Blood_Type, Donor_SSN, Amount, Donation_Location, Hospital_Sent_To) VALUES ('87989', 'O-', '127584708', '154.30', '34016', '90670');
INSERT INTO Blood (Blood_ID, Blood_Type, Donor_SSN, Amount, Donation_Location, Hospital_Sent_To) VALUES ('88015', 'AB-', '193192938', '54.28', '74284', '90670');
INSERT INTO Blood (Blood_ID, Blood_Type, Donor_SSN, Amount, Donation_Location, Hospital_Sent_To) VALUES ('88074', 'AB-', '137557218', '453.35', '47654', '23977');
INSERT INTO Blood (Blood_ID, Blood_Type, Donor_SSN, Amount, Donation_Location, Hospital_Sent_To) VALUES ('88224', 'B+', '870398959', '51.53', '61595', '03339');
INSERT INTO Blood (Blood_ID, Blood_Type, Donor_SSN, Amount, Donation_Location, Hospital_Sent_To) VALUES ('89205', 'O-', '802789105', '142.32', '26311', '23977');
INSERT INTO Blood (Blood_ID, Blood_Type, Donor_SSN, Amount, Donation_Location, Hospital_Sent_To) VALUES ('89401', 'A+', '780235693', '382.40', '16189', '79184');
INSERT INTO Blood (Blood_ID, Blood_Type, Donor_SSN, Amount, Donation_Location, Hospital_Sent_To) VALUES ('89906', 'O-', '080818060', '22.57', '17966', '57641');
INSERT INTO Blood (Blood_ID, Blood_Type, Donor_SSN, Amount, Donation_Location, Hospital_Sent_To) VALUES ('89994', 'AB+', '047397668', '445.43', '16189', '55576');
INSERT INTO Blood (Blood_ID, Blood_Type, Donor_SSN, Amount, Donation_Location, Hospital_Sent_To) VALUES ('90112', 'AB+', '277228674', '232.69', '77689', '23977');
INSERT INTO Blood (Blood_ID, Blood_Type, Donor_SSN, Amount, Donation_Location, Hospital_Sent_To) VALUES ('90127', 'A-', '408024840', '352.54', '27492', '55576');
INSERT INTO Blood (Blood_ID, Blood_Type, Donor_SSN, Amount, Donation_Location, Hospital_Sent_To) VALUES ('90579', 'A+', '459018712', '13.43', '61721', '05463');
INSERT INTO Blood (Blood_ID, Blood_Type, Donor_SSN, Amount, Donation_Location, Hospital_Sent_To) VALUES ('90637', 'O-', '407938910', '238.59', '26311', '23977');
INSERT INTO Blood (Blood_ID, Blood_Type, Donor_SSN, Amount, Donation_Location, Hospital_Sent_To) VALUES ('90778', 'B-', '287229926', '288.59', '98558', '57641');
INSERT INTO Blood (Blood_ID, Blood_Type, Donor_SSN, Amount, Donation_Location, Hospital_Sent_To) VALUES ('91625', 'B-', '447102933', '238.86', '51825', '79184');
INSERT INTO Blood (Blood_ID, Blood_Type, Donor_SSN, Amount, Donation_Location, Hospital_Sent_To) VALUES ('91666', 'AB+', '472082815', '207.89', '72958', '55576');
INSERT INTO Blood (Blood_ID, Blood_Type, Donor_SSN, Amount, Donation_Location, Hospital_Sent_To) VALUES ('91864', 'O+', '842512176', '187.02', '45112', '61586');
INSERT INTO Blood (Blood_ID, Blood_Type, Donor_SSN, Amount, Donation_Location, Hospital_Sent_To) VALUES ('91888', 'B+', '250007428', '366.06', '76586', '05463');
INSERT INTO Blood (Blood_ID, Blood_Type, Donor_SSN, Amount, Donation_Location, Hospital_Sent_To) VALUES ('92048', 'AB+', '407938910', '361.29', '26311', '23977');
INSERT INTO Blood (Blood_ID, Blood_Type, Donor_SSN, Amount, Donation_Location, Hospital_Sent_To) VALUES ('92243', 'B-', '096654613', '259.02', '24258', '61586');
INSERT INTO Blood (Blood_ID, Blood_Type, Donor_SSN, Amount, Donation_Location, Hospital_Sent_To) VALUES ('92733', 'AB-', '715979674', '333.14', '76586', '05463');
INSERT INTO Blood (Blood_ID, Blood_Type, Donor_SSN, Amount, Donation_Location, Hospital_Sent_To) VALUES ('92769', 'B-', '900164986', '264.86', '72958', '55576');
INSERT INTO Blood (Blood_ID, Blood_Type, Donor_SSN, Amount, Donation_Location, Hospital_Sent_To) VALUES ('93222', 'B-', '686103966', '6.68', '61721', '61586');
INSERT INTO Blood (Blood_ID, Blood_Type, Donor_SSN, Amount, Donation_Location, Hospital_Sent_To) VALUES ('93308', 'A+', '691554792', '104.01', '70953', '66133');
INSERT INTO Blood (Blood_ID, Blood_Type, Donor_SSN, Amount, Donation_Location, Hospital_Sent_To) VALUES ('93439', 'A+', '665791826', '330.86', '47654', '23977');
INSERT INTO Blood (Blood_ID, Blood_Type, Donor_SSN, Amount, Donation_Location, Hospital_Sent_To) VALUES ('93480', 'B+', '515185244', '204.62', '77689', '66133');
INSERT INTO Blood (Blood_ID, Blood_Type, Donor_SSN, Amount, Donation_Location, Hospital_Sent_To) VALUES ('93577', 'B-', '916017030', '358.97', '77689', '66133');
INSERT INTO Blood (Blood_ID, Blood_Type, Donor_SSN, Amount, Donation_Location, Hospital_Sent_To) VALUES ('93678', 'O-', '779721350', '333.83', '15121', '66133');
INSERT INTO Blood (Blood_ID, Blood_Type, Donor_SSN, Amount, Donation_Location, Hospital_Sent_To) VALUES ('93705', 'B-', '159839422', '178.11', '61721', '61586');
INSERT INTO Blood (Blood_ID, Blood_Type, Donor_SSN, Amount, Donation_Location, Hospital_Sent_To) VALUES ('93755', 'B+', '250007428', '127.86', '76586', '05463');
INSERT INTO Blood (Blood_ID, Blood_Type, Donor_SSN, Amount, Donation_Location, Hospital_Sent_To) VALUES ('93851', 'O+', '993963741', '321.01', '98558', '90670');
INSERT INTO Blood (Blood_ID, Blood_Type, Donor_SSN, Amount, Donation_Location, Hospital_Sent_To) VALUES ('93876', 'O-', '878494763', '435.27', '61721', '05463');
INSERT INTO Blood (Blood_ID, Blood_Type, Donor_SSN, Amount, Donation_Location, Hospital_Sent_To) VALUES ('93964', 'B-', '695571749', '94.46', '74284', '90670');
INSERT INTO Blood (Blood_ID, Blood_Type, Donor_SSN, Amount, Donation_Location, Hospital_Sent_To) VALUES ('94217', 'O+', '515185244', '405.77', '77689', '66133');
INSERT INTO Blood (Blood_ID, Blood_Type, Donor_SSN, Amount, Donation_Location, Hospital_Sent_To) VALUES ('94431', 'AB+', '802789105', '364.84', '26311', '23977');
INSERT INTO Blood (Blood_ID, Blood_Type, Donor_SSN, Amount, Donation_Location, Hospital_Sent_To) VALUES ('94818', 'A-', '679051998', '172.46', '53894', '57641');
INSERT INTO Blood (Blood_ID, Blood_Type, Donor_SSN, Amount, Donation_Location, Hospital_Sent_To) VALUES ('94836', 'O-', '408355649', '319.80', '34016', '57641');
INSERT INTO Blood (Blood_ID, Blood_Type, Donor_SSN, Amount, Donation_Location, Hospital_Sent_To) VALUES ('95709', 'AB-', '128852007', '82.88', '35497', '03339');
INSERT INTO Blood (Blood_ID, Blood_Type, Donor_SSN, Amount, Donation_Location, Hospital_Sent_To) VALUES ('95755', 'A-', '427182720', '387.44', '45112', '61586');
INSERT INTO Blood (Blood_ID, Blood_Type, Donor_SSN, Amount, Donation_Location, Hospital_Sent_To) VALUES ('95756', 'AB-', '707677203', '358.51', '76402', '03339');
INSERT INTO Blood (Blood_ID, Blood_Type, Donor_SSN, Amount, Donation_Location, Hospital_Sent_To) VALUES ('95767', 'AB-', '447102933', '18.99', '51825', '79184');
INSERT INTO Blood (Blood_ID, Blood_Type, Donor_SSN, Amount, Donation_Location, Hospital_Sent_To) VALUES ('95967', 'B-', '342649671', '391.36', '15121', '66133');
INSERT INTO Blood (Blood_ID, Blood_Type, Donor_SSN, Amount, Donation_Location, Hospital_Sent_To) VALUES ('96034', 'AB-', '462078780', '71.45', '70953', '23977');
INSERT INTO Blood (Blood_ID, Blood_Type, Donor_SSN, Amount, Donation_Location, Hospital_Sent_To) VALUES ('96192', 'AB+', '044667035', '45.46', '15121', '23977');
INSERT INTO Blood (Blood_ID, Blood_Type, Donor_SSN, Amount, Donation_Location, Hospital_Sent_To) VALUES ('96248', 'B-', '797398438', '408.75', '24258', '05463');
INSERT INTO Blood (Blood_ID, Blood_Type, Donor_SSN, Amount, Donation_Location, Hospital_Sent_To) VALUES ('96686', 'O+', '306176451', '266.52', '11821', '61586');
INSERT INTO Blood (Blood_ID, Blood_Type, Donor_SSN, Amount, Donation_Location, Hospital_Sent_To) VALUES ('96689', 'A-', '729699682', '84.41', '77692', '55576');
INSERT INTO Blood (Blood_ID, Blood_Type, Donor_SSN, Amount, Donation_Location, Hospital_Sent_To) VALUES ('96730', 'O-', '626639397', '237.25', '24258', '61586');
INSERT INTO Blood (Blood_ID, Blood_Type, Donor_SSN, Amount, Donation_Location, Hospital_Sent_To) VALUES ('97287', 'AB-', '159839422', '311.69', '61721', '61586');
INSERT INTO Blood (Blood_ID, Blood_Type, Donor_SSN, Amount, Donation_Location, Hospital_Sent_To) VALUES ('97340', 'B+', '137557218', '439.58', '47654', '23977');
INSERT INTO Blood (Blood_ID, Blood_Type, Donor_SSN, Amount, Donation_Location, Hospital_Sent_To) VALUES ('97373', 'AB-', '462078780', '194.00', '70953', '23977');
INSERT INTO Blood (Blood_ID, Blood_Type, Donor_SSN, Amount, Donation_Location, Hospital_Sent_To) VALUES ('97416', 'AB+', '297058621', '305.66', '09573', '60357');
INSERT INTO Blood (Blood_ID, Blood_Type, Donor_SSN, Amount, Donation_Location, Hospital_Sent_To) VALUES ('98632', 'AB+', '540019636', '278.18', '09573', '03339');
INSERT INTO Blood (Blood_ID, Blood_Type, Donor_SSN, Amount, Donation_Location, Hospital_Sent_To) VALUES ('98694', 'B-', '598532005', '262.81', '16189', '55576');
INSERT INTO Blood (Blood_ID, Blood_Type, Donor_SSN, Amount, Donation_Location, Hospital_Sent_To) VALUES ('98781', 'AB-', '352452870', '372.33', '16189', '79184');
INSERT INTO Blood (Blood_ID, Blood_Type, Donor_SSN, Amount, Donation_Location, Hospital_Sent_To) VALUES ('98861', 'A+', '352452870', '167.17', '16189', '79184');
INSERT INTO Blood (Blood_ID, Blood_Type, Donor_SSN, Amount, Donation_Location, Hospital_Sent_To) VALUES ('99111', 'O-', '137557218', '123.02', '47654', '23977');
INSERT INTO Blood (Blood_ID, Blood_Type, Donor_SSN, Amount, Donation_Location, Hospital_Sent_To) VALUES ('99167', 'B-', '870398959', '381.13', '61595', '03339');
INSERT INTO Blood (Blood_ID, Blood_Type, Donor_SSN, Amount, Donation_Location, Hospital_Sent_To) VALUES ('99215', 'O-', '127584708', '429.46', '34016', '90670');
INSERT INTO Blood (Blood_ID, Blood_Type, Donor_SSN, Amount, Donation_Location, Hospital_Sent_To) VALUES ('99290', 'B-', '188933463', '193.75', '72958', '79184');
INSERT INTO Blood (Blood_ID, Blood_Type, Donor_SSN, Amount, Donation_Location, Hospital_Sent_To) VALUES ('99448', 'AB+', '154631858', '485.48', '61595', '60357');
INSERT INTO Blood (Blood_ID, Blood_Type, Donor_SSN, Amount, Donation_Location, Hospital_Sent_To) VALUES ('99547', 'AB+', '630506185', '228.92', '27492', '79184');
INSERT INTO Blood (Blood_ID, Blood_Type, Donor_SSN, Amount, Donation_Location, Hospital_Sent_To) VALUES ('99586', 'A+', '092046126', '190.27', '23206', '60357');
INSERT INTO Blood (Blood_ID, Blood_Type, Donor_SSN, Amount, Donation_Location, Hospital_Sent_To) VALUES ('99709', 'O-', '914446492', '438.59', '76586', '61586');
INSERT INTO Blood (Blood_ID, Blood_Type, Donor_SSN, Amount, Donation_Location, Hospital_Sent_To) VALUES ('99898', 'B+', '796881404', '38.60', '23206', '03339');
